id,file,media_type,title,evidence_date,version,scope_id,usage_status,slide_pages,slide_pages_basis,kind,caption,limitations,sha256,source_in_project
F1,assets/images/01_perception/F1.png,image,관측: 로봇 카메라 원본,2026-09-22,R34 / robot-only observation / 단일문 PASS,R34_SINGLE_DOOR,preferred,10; 17,"legacy feedback deck, not final 40-slide deck",카메라 원본,"카메라에서 문과 손잡이를 찾고, 거리와 로봇 좌표 변환을 결합해 접근 대상을 정한다.","기본 방향 단일문 한 번의 성공. 실제 로봇, 반대 힌지, 다문 접촉 통합 성공을 뜻하지 않음.",43347c12629ecfa0d9fc40e14cfadf2575314146d0b4bac538e66aeffce05a6e,00_최종자료/23_PPT_삽입자료_설명포함_20260922/01_10p_전체흐름/01_관측_R34_20260922.png
F2,assets/images/02_semantic_memory/F2.png,image,문 기억: 첫 문 개방 후 지도,2026-09-22,memory_demo_r3 / 기억 기능 확인 / 복구 오류 포함,MEMORY_R3,preferred,10; 25,"legacy feedback deck, not final 40-slide deck",기록 데이터 시각화,열린 문의 위치를 기억해 다음 목표를 고를 때 제외한다.,고정 /map 위 FSM 문 기억 자료. 단순 힌지 명령으로 개방했으며 최신 PIPER 물리 접촉과 별도 실행. 무오류 주행이나 새 SLAM 확장 증거가 아님. 로봇 모양은 기록된 위치·방향을 나타내는 표시용 아이콘.,6dabda40b6f88e2cb17eadf23128fc42c49f47bf643d59fba40230a5d26f1365,00_최종자료/23_PPT_삽입자료_설명포함_20260922/01_10p_전체흐름/02_문기억_MEMORY_R3_20260922.png
F3,assets/images/03_goal_selection/F3.png,image,목표 선택: 접근 대상 유지,2026-09-22,memory_demo_r3 / 기억 기능 확인 / 복구 오류 포함,MEMORY_R3,preferred,10; 27; 28,"legacy feedback deck, not final 40-slide deck",기록 데이터 시각화,선택한 문을 처리하는 동안 현재 접근 목표를 유지한다.,고정 /map 위 FSM 문 기억 자료. 단순 힌지 명령으로 개방했으며 최신 PIPER 물리 접촉과 별도 실행. 무오류 주행이나 새 SLAM 확장 증거가 아님. 노란 원은 손잡이 위치가 아니라 접근·주차 목표.,9ce2d391e858b7f416867b43ac0e2067593e5ece59d4b7ef6c158d7500000f34,00_최종자료/23_PPT_삽입자료_설명포함_20260922/01_10p_전체흐름/03_목표선택_MEMORY_R3_20260922.png
F4,assets/images/04_approach_alignment/F4.png,image,접근·정렬: 근접 접근 마지막 기록,2026-09-22,R34 / robot-only observation / 단일문 PASS,R34_SINGLE_DOOR,preferred,10; 29,"legacy feedback deck, not final 40-slide deck",Gazebo 외부 카메라 원본,관측 손잡이와 PIPER 도달 가능성을 기준으로 본체 접근을 조정한다.,"기본 방향 단일문 한 번의 성공. 실제 로봇, 반대 힌지, 다문 접촉 통합 성공을 뜻하지 않음. Nav2 복도 전체 주행이 아니라 가까운 문에서 시작한 접근 시험.",6a1cc70fc705f9a2284cfb1700d75d90baf4f5642fb94d395fc2c419f0818eff,00_최종자료/23_PPT_삽입자료_설명포함_20260922/01_10p_전체흐름/04_접근정렬_R34_20260922.png
F5,assets/images/05_contact_opening/F5.png,image,개방 확인: 팔 복귀 후,2026-09-22,R34 / robot-only observation / 단일문 PASS,R34_SINGLE_DOOR,preferred,10; 34; 42,"legacy feedback deck, not final 40-slide deck",Gazebo 상단 원본,관측 각도로 개방을 확인한 뒤 손잡이를 놓고 로봇팔을 복귀시킨다.,"기본 방향 단일문 한 번의 성공. 실제 로봇, 반대 힌지, 다문 접촉 통합 성공을 뜻하지 않음.",5229b24fd171399b28dbd3e8194dd1dc46a7e2f1d589e9c9f8df25ca20ade691,00_최종자료/23_PPT_삽입자료_설명포함_20260922/01_10p_전체흐름/05_개방확인_R34_20260922.png
R1,assets/images/00_platform/R1.png,image,PIPER 탑재 로봇 형상,2026-09-22,corridor_demo_r1 / 형상 자료,PLATFORM_ONLY,preferred,11,"legacy feedback deck, not final 40-slide deck",Gazebo 원본,Gazebo에 배치한 모바일 베이스와 PIPER 로봇팔의 구성이다.,실물 사진이 아니며 센서 장착 위치를 실측했다는 증거가 아님.,dd68dc9a24c1c81a6edbc5a96cdebabb881ea6c61395dd5b5ed7a1e55af6334d,00_최종자료/23_PPT_삽입자료_설명포함_20260922/02_11p_로봇플랫폼/01_Gazebo_실제PIPER형상.png
R2,assets/images/00_platform/R2.png,image,복도와 로봇 배치,2026-09-22,corridor_demo_r1 / 형상 자료,PLATFORM_ONLY,preferred,11,"legacy feedback deck, not final 40-slide deck",Gazebo 원본,Gazebo에 배치한 모바일 베이스와 PIPER 로봇팔의 구성이다.,실물 사진이 아니며 센서 장착 위치를 실측했다는 증거가 아님.,71f6935c5544e561859b11d420803cfe074e7f9ee28ed634ab65f62b54799b09,00_최종자료/23_PPT_삽입자료_설명포함_20260922/02_11p_로봇플랫폼/02_복도와로봇_상단시점.png
P1,assets/images/01_perception/P1.png,image,최신 문 후보·손잡이 bbox,2026-09-22,R34 / robot-only observation / 단일문 PASS,R34_SINGLE_DOOR,preferred,17; 32,"legacy feedback deck, not final 40-slide deck",실제 검출 출력,"파란 테두리는 문 후보, 노란 박스는 v3 YOLO 손잡이 검출 결과다.",문 후보 생성에는 YOLO와 HSV fallback이 함께 켜져 있다. 문 박스 전체를 YOLO 단독 결과라고 설명하지 않는다.,471b8151c1b20e4720eb92c975e072c7a86463ea4f3f7bb9b272180eb2af72bc,00_최종자료/23_PPT_삽입자료_설명포함_20260922/03_17_24p_관측과지도/01_문손잡이_BBox_R34_20260922.png
P_blue,archive/images/01_perception/P_blue.png,image,오탐 사례: 장애물을 문으로 검출,2026-09-10,과거 인식 기록,HISTORICAL_PERCEPTION,not_a_success_example,40,"legacy feedback deck, not final 40-slide deck",기존 bbox 패널,왼쪽 장애물을 Door 0.27로 잘못 검출했다. 오른쪽 실제 문 검출과 함께 나타난 오탐 사례다.,정상 검출 예시로 사용하지 않는다. 이 그림만으로 장애물을 FSM 목표로 선택했는지는 알 수 없다.,e116729bf238b9e6f71d61f4a38b3f304cc4ca3d605a87901d32277065a3ef0a,00_최종자료/23_PPT_삽입자료_설명포함_20260922/03_17_24p_관측과지도/02_파란문_BBox_과거20260910.png
P_red,assets/images/01_perception/P_red.png,image,빨간문 검출 예시,2026-09-10,과거 인식 기록,HISTORICAL_PERCEPTION,preferred,17; 40,"legacy feedback deck, not final 40-slide deck",기존 bbox 패널,실제 빨간문에 Door 0.61 박스가 표시된 과거 검출 기록이다.,과거 자료의 손잡이 표시는 최신 v3 YOLO 손잡이 성능 증거가 아님.,0513248e4785b0814107deafed3ebc69183a6f6bac0f4088125a80bc7c6fd0f5,00_최종자료/23_PPT_삽입자료_설명포함_20260922/03_17_24p_관측과지도/02_빨간문_BBox_과거20260910.png
P1_map,archive/images/02_semantic_memory/P1_map.png,image,과거 인식 과정 1: 지도,2026-09-10,과거 라이브 인식 기록,HISTORICAL_PERCEPTION,reference_only,18; 19; 20; 21; 22; 23; 24,"legacy feedback deck, not final 40-slide deck",기존 영상에서 추출한 패널,과거 기록의 지도 패널. 첫 카메라가 대기 화면이고 시점 일관성이 부족한 묶음이므로 발표 추천에서 제외했다. (1/4),추천 대체 자료는 Q1/Q2 카메라·지도 쌍과 PV2 영상. 다른 시점의 사진을 붙여 같은 순간처럼 보이게 하지 않았다.,5c1d6101352e3fe4347624f6d88a819ca8e5933df6af49935417111bcff1239f,00_최종자료/23_PPT_삽입자료_설명포함_20260922/03_17_24p_관측과지도/03_01_지도_과거20260910.png
P1_camera,archive/images/01_perception/P1_camera.png,image,카메라 수신 대기 화면 (사진 없음),2026-09-10,과거 라이브 인식 기록,HISTORICAL_PERCEPTION,not_a_success_example,18; 19; 20; 21; 22; 23; 24,"legacy feedback deck, not final 40-slide deck",기존 영상에서 추출한 패널,원본부터 /door_detection/debug 수신 대기 문구만 있다. 파일 누락이나 웹페이지 오류가 아니다.,추천 대체 자료는 Q1/Q2 카메라·지도 쌍과 PV2 영상. 다른 시점의 사진을 붙여 같은 순간처럼 보이게 하지 않았다.,bd49374f88a985eff80804718c618369a40ab8fa8e6561df0a09d06a481b5363,00_최종자료/23_PPT_삽입자료_설명포함_20260922/03_17_24p_관측과지도/03_01_카메라_과거20260910.png
P2_map,archive/images/02_semantic_memory/P2_map.png,image,과거 인식 과정 2: 지도,2026-09-10,과거 라이브 인식 기록,HISTORICAL_PERCEPTION,reference_only,18; 19; 20; 21; 22; 23; 24,"legacy feedback deck, not final 40-slide deck",기존 영상에서 추출한 패널,과거 기록의 지도 패널. 첫 카메라가 대기 화면이고 시점 일관성이 부족한 묶음이므로 발표 추천에서 제외했다. (2/4),추천 대체 자료는 Q1/Q2 카메라·지도 쌍과 PV2 영상. 다른 시점의 사진을 붙여 같은 순간처럼 보이게 하지 않았다.,b1fe50f9f9d8e39b044196243f44152eaa655828563f6ec06dd0bbcb0f405f5b,00_최종자료/23_PPT_삽입자료_설명포함_20260922/03_17_24p_관측과지도/03_02_지도_과거20260910.png
P2_camera,archive/images/01_perception/P2_camera.png,image,과거 인식 과정 2: 카메라,2026-09-10,과거 라이브 인식 기록,HISTORICAL_PERCEPTION,reference_only,18; 19; 20; 21; 22; 23; 24,"legacy feedback deck, not final 40-slide deck",기존 영상에서 추출한 패널,과거 기록의 카메라 패널. 첫 카메라가 대기 화면이고 시점 일관성이 부족한 묶음이므로 발표 추천에서 제외했다. (2/4),추천 대체 자료는 Q1/Q2 카메라·지도 쌍과 PV2 영상. 다른 시점의 사진을 붙여 같은 순간처럼 보이게 하지 않았다.,53083b2acc41547ca846673c8f121d0c1222390d3e1b138858bf255ea3ed990e,00_최종자료/23_PPT_삽입자료_설명포함_20260922/03_17_24p_관측과지도/03_02_카메라_과거20260910.png
P3_map,archive/images/02_semantic_memory/P3_map.png,image,과거 인식 과정 3: 지도,2026-09-10,과거 라이브 인식 기록,HISTORICAL_PERCEPTION,reference_only,18; 19; 20; 21; 22; 23; 24,"legacy feedback deck, not final 40-slide deck",기존 영상에서 추출한 패널,과거 기록의 지도 패널. 첫 카메라가 대기 화면이고 시점 일관성이 부족한 묶음이므로 발표 추천에서 제외했다. (3/4),추천 대체 자료는 Q1/Q2 카메라·지도 쌍과 PV2 영상. 다른 시점의 사진을 붙여 같은 순간처럼 보이게 하지 않았다.,f3fcff058d0ffd7cdac5d835857c03fb330d61a92a3a8ec7b4e0a83de7464394,00_최종자료/23_PPT_삽입자료_설명포함_20260922/03_17_24p_관측과지도/03_03_지도_과거20260910.png
P3_camera,archive/images/01_perception/P3_camera.png,image,과거 인식 과정 3: 카메라,2026-09-10,과거 라이브 인식 기록,HISTORICAL_PERCEPTION,reference_only,18; 19; 20; 21; 22; 23; 24,"legacy feedback deck, not final 40-slide deck",기존 영상에서 추출한 패널,과거 기록의 카메라 패널. 첫 카메라가 대기 화면이고 시점 일관성이 부족한 묶음이므로 발표 추천에서 제외했다. (3/4),추천 대체 자료는 Q1/Q2 카메라·지도 쌍과 PV2 영상. 다른 시점의 사진을 붙여 같은 순간처럼 보이게 하지 않았다.,d5a4a3977803a634d6606a95a844ddbe040c80a49f33d13c7042613d54d2d6a5,00_최종자료/23_PPT_삽입자료_설명포함_20260922/03_17_24p_관측과지도/03_03_카메라_과거20260910.png
P4_map,archive/images/02_semantic_memory/P4_map.png,image,과거 인식 과정 4: 지도,2026-09-10,과거 라이브 인식 기록,HISTORICAL_PERCEPTION,reference_only,18; 19; 20; 21; 22; 23; 24,"legacy feedback deck, not final 40-slide deck",기존 영상에서 추출한 패널,과거 기록의 지도 패널. 첫 카메라가 대기 화면이고 시점 일관성이 부족한 묶음이므로 발표 추천에서 제외했다. (4/4),추천 대체 자료는 Q1/Q2 카메라·지도 쌍과 PV2 영상. 다른 시점의 사진을 붙여 같은 순간처럼 보이게 하지 않았다.,41ef3be9e979205c7e7382243c48e334d4d1d92674724e78efec665600101cfd,00_최종자료/23_PPT_삽입자료_설명포함_20260922/03_17_24p_관측과지도/03_04_지도_과거20260910.png
P4_camera,archive/images/01_perception/P4_camera.png,image,과거 인식 과정 4: 카메라,2026-09-10,과거 라이브 인식 기록,HISTORICAL_PERCEPTION,reference_only,18; 19; 20; 21; 22; 23; 24,"legacy feedback deck, not final 40-slide deck",기존 영상에서 추출한 패널,과거 기록의 카메라 패널. 첫 카메라가 대기 화면이고 시점 일관성이 부족한 묶음이므로 발표 추천에서 제외했다. (4/4),추천 대체 자료는 Q1/Q2 카메라·지도 쌍과 PV2 영상. 다른 시점의 사진을 붙여 같은 순간처럼 보이게 하지 않았다.,6caf9cbbf94076819baf3fa0a48f79a448cdf96112079fb2a601d6cf516868de,00_최종자료/23_PPT_삽입자료_설명포함_20260922/03_17_24p_관측과지도/03_04_카메라_과거20260910.png
PV1,archive/videos/01_perception/PV1.mp4,video,과거 영상: 카메라 시점·가림 문제,2026-09-10,과거 라이브 인식 기록,HISTORICAL_PERCEPTION,not_a_success_example,17; 18; 19; 20; 21; 22; 23; 24,"legacy feedback deck, not final 40-slide deck",원본 영상,오른쪽 카메라가 복도와 벽만 보이는 장면을 반복하고 화면을 가리는 형상이 나타난다. 정상적인 고정 정면 시점 예시로 추천하지 않는다.,원본 기록 자체의 문제이며 재생 링크 문제는 아니다. 가림 형상의 원인과 시점 변경 원인은 이 영상만으로 확정하지 않는다. PV2를 대체 자료로 사용.,98701dd9a00e4292cf868ea05120419553bb855de77b37550fdae9056dc0aea2,00_최종자료/23_PPT_삽입자료_설명포함_20260922/03_17_24p_관측과지도/04_과거_인식과지도과정_20260910.mp4
PV2,assets/videos/02_semantic_memory/PV2.mp4,video,문 관측 누적과 로봇 시점,2026-09-22,memory_demo_r3 / 기억 기능 확인 / 복구 오류 포함,MEMORY_R3,preferred,19; 20; 21; 22; 23; 24,"legacy feedback deck, not final 40-slide deck",기록 재생 영상,반복 관측으로 문 랜드마크와 관측 횟수가 갱신되는 과정을 보여준다.,고정 /map 위 FSM 문 기억 자료. 단순 힌지 명령으로 개방했으며 최신 PIPER 물리 접촉과 별도 실행. 무오류 주행이나 새 SLAM 확장 증거가 아님.,cd236045dfbff02131741183228300fe6fd8f80910f2e08d8635f7da3fa37423,00_최종자료/23_PPT_삽입자료_설명포함_20260922/03_17_24p_관측과지도/05_문관측누적_MEMORY_R3_1x.mp4
Q1_camera,assets/images/01_perception/Q1_camera.png,image,관측 과정 1: 카메라,2026-09-22,memory_demo_r3 / 기억 기능 확인 / 복구 오류 포함,MEMORY_R3,preferred,17; 19; 20; 21; 22; 23; 24,"legacy feedback deck, not final 40-slide deck",front 카메라 원본,"같은 기록 프레임 12, Simulation time 35.50초의 카메라·지도 쌍이다. 초기 관측과 반복 관측을 비교한다.",카메라의 최근 수신 영상과 FSM 기록의 대응이며 노출 시각의 완전 동기화를 뜻하지 않는다. 고정 /map 위 문 기억 갱신이다. 지도 점은 추정값으로 벽 밖으로 치우친 오차도 그대로 남겼으며 절대 위치 정확도의 증거가 아니다.,7b8abd5dc8eb902346f59a7730501a432fd40142bcaad1298ff5c780a3247796,00_최종자료/23_PPT_삽입자료_설명포함_20260922/03_17_24p_관측과지도/06_01_카메라_MEMORY_R3.png
Q1_map,assets/images/02_semantic_memory/Q1_map.png,image,관측 과정 1: 기억지도,2026-09-22,memory_demo_r3 / 기억 기능 확인 / 복구 오류 포함,MEMORY_R3,preferred,17; 19; 20; 21; 22; 23; 24,"legacy feedback deck, not final 40-slide deck",실제 기억 데이터 지도 패널,"같은 기록 프레임 12, Simulation time 35.50초의 카메라·지도 쌍이다. 초기 관측과 반복 관측을 비교한다.",카메라의 최근 수신 영상과 FSM 기록의 대응이며 노출 시각의 완전 동기화를 뜻하지 않는다. 고정 /map 위 문 기억 갱신이다. 지도 점은 추정값으로 벽 밖으로 치우친 오차도 그대로 남겼으며 절대 위치 정확도의 증거가 아니다.,29df56595eb5b09468d5e548a49d87fb7061fd31e32157f97e9f3d329946d913,00_최종자료/23_PPT_삽입자료_설명포함_20260922/03_17_24p_관측과지도/06_01_기억지도_MEMORY_R3.png
Q2_camera,assets/images/01_perception/Q2_camera.png,image,관측 과정 2: 카메라,2026-09-22,memory_demo_r3 / 기억 기능 확인 / 복구 오류 포함,MEMORY_R3,preferred,17; 19; 20; 21; 22; 23; 24,"legacy feedback deck, not final 40-slide deck",front 카메라 원본,"같은 기록 프레임 60, Simulation time 59.50초의 카메라·지도 쌍이다. 초기 관측과 반복 관측을 비교한다.",카메라의 최근 수신 영상과 FSM 기록의 대응이며 노출 시각의 완전 동기화를 뜻하지 않는다. 고정 /map 위 문 기억 갱신이다. 지도 점은 추정값으로 벽 밖으로 치우친 오차도 그대로 남겼으며 절대 위치 정확도의 증거가 아니다.,b3b408a7f99750c0612117358cc544da17fdcea94f61eb73e348902a7badd006,00_최종자료/23_PPT_삽입자료_설명포함_20260922/03_17_24p_관측과지도/06_02_카메라_MEMORY_R3.png
Q2_map,assets/images/02_semantic_memory/Q2_map.png,image,관측 과정 2: 기억지도,2026-09-22,memory_demo_r3 / 기억 기능 확인 / 복구 오류 포함,MEMORY_R3,preferred,17; 19; 20; 21; 22; 23; 24,"legacy feedback deck, not final 40-slide deck",실제 기억 데이터 지도 패널,"같은 기록 프레임 60, Simulation time 59.50초의 카메라·지도 쌍이다. 초기 관측과 반복 관측을 비교한다.",카메라의 최근 수신 영상과 FSM 기록의 대응이며 노출 시각의 완전 동기화를 뜻하지 않는다. 고정 /map 위 문 기억 갱신이다. 지도 점은 추정값으로 벽 밖으로 치우친 오차도 그대로 남겼으며 절대 위치 정확도의 증거가 아니다.,a1947170171f9c2b984403a105fddcdc4d03b4a26a5ca08ab1e0b390688279fb,00_최종자료/23_PPT_삽입자료_설명포함_20260922/03_17_24p_관측과지도/06_02_기억지도_MEMORY_R3.png
M1,assets/images/03_goal_selection/M1.png,image,열었던 문을 재관측해도 제외,2026-09-22,memory_demo_r3 / 기억 기능 확인 / 복구 오류 포함,MEMORY_R3,preferred,25; 26; 28,"legacy feedback deck, not final 40-slide deck",로그·지도·카메라 증거 패널,새 검출 ID도 이미 처리한 문 위치와 연결해 제외하고 현재 목표를 유지한다.,고정 /map 위 FSM 문 기억 자료. 단순 힌지 명령으로 개방했으며 최신 PIPER 물리 접촉과 별도 실행. 무오류 주행이나 새 SLAM 확장 증거가 아님.,983af8808dc814ecf85f64f6c1276dc351ec1ac7d55c26178ee4ef2117ae858d,00_최종자료/23_PPT_삽입자료_설명포함_20260922/04_25_28p_문기억과목표/01_01_재관측제외_결정증거.png
M1raw,assets/images/03_goal_selection/M1raw.png,image,열었던 문을 재관측해도 제외 / 카메라 원본,2026-09-22,memory_demo_r3 / 기억 기능 확인 / 복구 오류 포함,MEMORY_R3,preferred,25; 26,"legacy feedback deck, not final 40-slide deck",카메라 원본,설명 패널 없이 삽입할 때 사용하는 같은 기록의 카메라 원본이다.,고정 /map 위 FSM 문 기억 자료. 단순 힌지 명령으로 개방했으며 최신 PIPER 물리 접촉과 별도 실행. 무오류 주행이나 새 SLAM 확장 증거가 아님.,2b8a6f0f034744ef198f06a8e75e83bd123d62519b096b7f213e18a71184e7a9,00_최종자료/23_PPT_삽입자료_설명포함_20260922/04_25_28p_문기억과목표/01_카메라원본.png
M2,assets/images/03_goal_selection/M2.png,image,제외 후에도 다음 목표 유지,2026-09-22,memory_demo_r3 / 기억 기능 확인 / 복구 오류 포함,MEMORY_R3,preferred,25; 26; 28,"legacy feedback deck, not final 40-slide deck",로그·지도·카메라 증거 패널,새 검출 ID도 이미 처리한 문 위치와 연결해 제외하고 현재 목표를 유지한다.,고정 /map 위 FSM 문 기억 자료. 단순 힌지 명령으로 개방했으며 최신 PIPER 물리 접촉과 별도 실행. 무오류 주행이나 새 SLAM 확장 증거가 아님.,a12294f45862346e66b41325d5df00c98062e31be3a8cc5b15bd95dbcc027917,00_최종자료/23_PPT_삽입자료_설명포함_20260922/04_25_28p_문기억과목표/02_02_제외후_목표유지.png
M2raw,assets/images/03_goal_selection/M2raw.png,image,제외 후에도 다음 목표 유지 / 카메라 원본,2026-09-22,memory_demo_r3 / 기억 기능 확인 / 복구 오류 포함,MEMORY_R3,preferred,25; 26,"legacy feedback deck, not final 40-slide deck",카메라 원본,설명 패널 없이 삽입할 때 사용하는 같은 기록의 카메라 원본이다.,고정 /map 위 FSM 문 기억 자료. 단순 힌지 명령으로 개방했으며 최신 PIPER 물리 접촉과 별도 실행. 무오류 주행이나 새 SLAM 확장 증거가 아님.,2b7ff09a514de0976177732d3576fdc10f3e3efef42c0b4a4fc39f9dcff98ad5,00_최종자료/23_PPT_삽입자료_설명포함_20260922/04_25_28p_문기억과목표/02_카메라원본.png
MV1,assets/videos/03_goal_selection/MV1.mp4,video,재관측 제외 핵심 영상,2026-09-22,memory_demo_r3 / 기억 기능 확인 / 복구 오류 포함,MEMORY_R3,preferred,25; 26; 28,"legacy feedback deck, not final 40-slide deck",기록 재생 영상,이미 처리한 문 후보를 제외하고 다른 목표를 유지하는 22초 증거 영상이다.,고정 /map 위 FSM 문 기억 자료. 단순 힌지 명령으로 개방했으며 최신 PIPER 물리 접촉과 별도 실행. 무오류 주행이나 새 SLAM 확장 증거가 아님.,62677c7d24ca1db7e196eccad7e810a00f1288571a492ec6a8f7fbf28aa9e178,00_최종자료/23_PPT_삽입자료_설명포함_20260922/04_25_28p_문기억과목표/03_재관측제외_목표유지_MEMORY_R3_1x.mp4
MV2,assets/videos/02_semantic_memory/MV2.mp4,video,문 발견부터 두 문 기억·재관측 제외,2026-09-22,memory_demo_r3 / 기억 기능 확인 / 복구 오류 포함,MEMORY_R3,preferred,25; 26; 27; 28,"legacy feedback deck, not final 40-slide deck",기록 재생 영상,좌·정면·우 카메라와 큰 기억 지도로 전체 문 처리 흐름을 확인한다.,고정 /map 위 FSM 문 기억 자료. 단순 힌지 명령으로 개방했으며 최신 PIPER 물리 접촉과 별도 실행. 무오류 주행이나 새 SLAM 확장 증거가 아님. 기존 실패·복구 구간을 포함한다. 약 4분 36초.,3db0f472871383fbdd2595eb34fb47ef8fc323c072012295df6758798e837039,00_최종자료/23_PPT_삽입자료_설명포함_20260922/04_25_28p_문기억과목표/04_두문기억_전체흐름_MEMORY_R3_1x.mp4
A1,assets/images/04_approach_alignment/A1.png,image,근접 접근 과정 1/3,2026-09-22,R34 / robot-only observation / 단일문 PASS,R34_SINGLE_DOOR,preferred,29,"legacy feedback deck, not final 40-slide deck",Gazebo 외부 카메라 원본,관측 기반 접근의 시간순 장면이다. 마지막 장면은 F4 파일을 사용한다.,"기본 방향 단일문 한 번의 성공. 실제 로봇, 반대 힌지, 다문 접촉 통합 성공을 뜻하지 않음.",0407ac96f8c4ca18e1213d33ad4fb47e7cb8585b8d41bbfb7995715704847f18,00_최종자료/23_PPT_삽입자료_설명포함_20260922/05_29_36p_접근과문개방/01_접근_1_R34_20260922.png
A2,assets/images/04_approach_alignment/A2.png,image,근접 접근 과정 2/3,2026-09-22,R34 / robot-only observation / 단일문 PASS,R34_SINGLE_DOOR,preferred,29,"legacy feedback deck, not final 40-slide deck",Gazebo 외부 카메라 원본,관측 기반 접근의 시간순 장면이다. 마지막 장면은 F4 파일을 사용한다.,"기본 방향 단일문 한 번의 성공. 실제 로봇, 반대 힌지, 다문 접촉 통합 성공을 뜻하지 않음.",951d7b687e828e89443abcfa6e001da08bb4f21bafbf1175e146ee3e8c4f02d9,00_최종자료/23_PPT_삽입자료_설명포함_20260922/05_29_36p_접근과문개방/01_접근_2_R34_20260922.png
O1,assets/images/05_contact_opening/O1.png,image,팔을 손잡이로 접근,2026-09-22,R34 / robot-only observation / 단일문 PASS,R34_SINGLE_DOOR,preferred,33; 35; 36; 42,"legacy feedback deck, not final 40-slide deck",Gazebo 원본,관측 손잡이 위치로 PIPER 말단을 접근시킨다.,"기본 방향 단일문 한 번의 성공. 실제 로봇, 반대 힌지, 다문 접촉 통합 성공을 뜻하지 않음.",17ed207c8c09c6280919136a39b1697e28cf2cec0683a4bdbe3cffcb9c200bdc,00_최종자료/23_PPT_삽입자료_설명포함_20260922/05_29_36p_접근과문개방/02_손잡이접근_R34.png
O2,assets/images/05_contact_opening/O2.png,image,레버 누름,2026-09-22,R34 / robot-only observation / 단일문 PASS,R34_SINGLE_DOOR,preferred,33; 35; 36; 42,"legacy feedback deck, not final 40-slide deck",Gazebo 원본,손잡이를 잡은 후 측정된 로봇 관절 회전으로 누름 상태를 추정한다.,"기본 방향 단일문 한 번의 성공. 실제 로봇, 반대 힌지, 다문 접촉 통합 성공을 뜻하지 않음.",cc76bc88f0acdad570da9a7e5c4797b62a9a815dee748bd765767474ef5a3099,00_최종자료/23_PPT_삽입자료_설명포함_20260922/05_29_36p_접근과문개방/03_레버누름_R34.png
O3,assets/images/05_contact_opening/O3.png,image,손잡이 유지,2026-09-22,R34 / robot-only observation / 단일문 PASS,R34_SINGLE_DOOR,preferred,33; 35; 36; 42,"legacy feedback deck, not final 40-slide deck",Gazebo 원본,레버를 누른 자세를 유지하면서 문 움직임과 본체 회전에 맞춰 팔을 조정한다.,"기본 방향 단일문 한 번의 성공. 실제 로봇, 반대 힌지, 다문 접촉 통합 성공을 뜻하지 않음.",4daccfbd0d3f0bf8bc2aaed8f5db5109278dc7a20cb857db4278be82f72104ae,00_최종자료/23_PPT_삽입자료_설명포함_20260922/05_29_36p_접근과문개방/04_접촉유지_R34.png
O4,assets/images/05_contact_opening/O4.png,image,본체 이동으로 개방,2026-09-22,R34 / robot-only observation / 단일문 PASS,R34_SINGLE_DOOR,preferred,33; 35; 36; 42,"legacy feedback deck, not final 40-slide deck",Gazebo 원본,손잡이 접촉을 유지한 상태에서 본체가 이동해 문을 연다.,"기본 방향 단일문 한 번의 성공. 실제 로봇, 반대 힌지, 다문 접촉 통합 성공을 뜻하지 않음.",0a1d6a4e8fd51673ae4caa4961a35fbe334b752ba9fe56a6f5b4cdda700978dc,00_최종자료/23_PPT_삽입자료_설명포함_20260922/05_29_36p_접근과문개방/05_본체이동개방_R34.png
OV1,assets/videos/05_contact_opening/OV1.mp4,video,발표용 최신 전체 데모,2026-09-22,R34 / robot-only observation / 단일문 PASS,R34_SINGLE_DOOR,preferred,29; 32; 33; 35; 36; 42,"legacy feedback deck, not final 40-slide deck",같은 실행의 연속 다중시점 영상,"문 발견과 bbox, 근접 정렬, 레버 누름, 약 118도 개방, 손잡이 해제와 팔 복귀를 같은 실행에서 보여준다.","기본 방향 단일문 한 번의 성공. 실제 로봇, 반대 힌지, 다문 접촉 통합 성공을 뜻하지 않음. 검출 원본 시각이 없어 엄밀한 센서 동기화 영상은 아니다. 검출이 없으면 박스를 추가하지 않는다.",8a42f3359fe369f63cc284d6972bb6d641fd10a67850f3971aa9df98468c9332,00_최종자료/23_PPT_삽입자료_설명포함_20260922/05_29_36p_접근과문개방/06_문발견_정렬_개방_BBox_R34_4x.mp4
OV2,assets/videos/05_contact_opening/OV2.mp4,video,외부 카메라 전체 원본,2026-09-22,R34 / robot-only observation / 단일문 PASS,R34_SINGLE_DOOR,preferred,36; 42,"legacy feedback deck, not final 40-slide deck",무자막 원본 시점 영상,약 3분 20초의 전체 외부 시점 기록이다. 발표에는 bbox 포함 4배속 영상을 우선 사용한다.,"기본 방향 단일문 한 번의 성공. 실제 로봇, 반대 힌지, 다문 접촉 통합 성공을 뜻하지 않음. 벽과 문틀에 일부 동작이 가려진다.",a3d0ad2fcd17849bc56601582d7f5e6275d772f8aafe903655c9c48883c75784,00_최종자료/23_PPT_삽입자료_설명포함_20260922/05_29_36p_접근과문개방/07_외부시점_무자막_R34_1x.mp4
OP,assets/images/05_contact_opening/OP.png,image,최신 bbox 데모 미리보기,2026-09-22,R34 / robot-only observation / 단일문 PASS,R34_SINGLE_DOOR,preferred,35; 36,"legacy feedback deck, not final 40-slide deck",영상 프레임 미리보기,영상 재생 전 표지 이미지로 사용할 수 있다.,"기본 방향 단일문 한 번의 성공. 실제 로봇, 반대 힌지, 다문 접촉 통합 성공을 뜻하지 않음.",c26e48035100f461daae94e84704d075d19aa22fdd8297c7ada2cc168d95c248,00_최종자료/23_PPT_삽입자료_설명포함_20260922/05_29_36p_접근과문개방/08_최신데모_미리보기.png
E1_prior,archive/images/06_model_evaluation/E1_prior.png,image,이전 평가: 레버와 둥근 손잡이 포함,2026-09-13,V2/V3 고정 임계값 평가,HANDLE_MIXED_NEGATIVES,reference_only,40,"legacy feedback deck, not final 40-slide deck",평가 데이터 그래프,"같은 Gazebo holdout 160장에서 v3는 TP 100, FP 54, FN 0으로 Recall 100%, Precision 64.9%였다.",오탐은 둥근 손잡이 음성 사진 60장 중 53장에서 나온 54개 박스다. 새 E1은 이 60장을 제외한 다른 평가 범위이며 모델을 고친 결과가 아니다.,944780573e30ead685862090da275fd5e8de8fa235992f78c6f49e1b33cc1f6e,00_최종자료/23_PPT_삽입자료_설명포함_20260922/06_40p_손잡이모델성능/01_V2_V3_Gazebo_holdout_20260913.png
E1,assets/images/06_model_evaluation/E1.png,image,V3: 시뮬레이션 레버 100장만 평가,2026-09-22,2026-09-13 예측 재집계 / 가중치 동일,HANDLE_LEVER_SUBSET,preferred,40,"legacy feedback deck, not final 40-slide deck",레버 양성 부분집합 그래프,"둥근 손잡이 60장을 제외하면 레버 100개 중 TP 100, FP 0, FN 0이다. Precision과 Recall은 모두 100%.","재추론·재학습 없이 기존 예측을 분리 집계했다. conf=0.25, IoU>=0.5, imgsz=640. 레버 외 물체 구별 능력이나 실제 사진 성능을 뜻하지 않는다. 비공개 holdout의 레버 외형은 1종이다.",6e2f2285d209bef7b59d2d3d2d356e395549a971c83f0ade3bc128aff47c2fe8,00_최종자료/23_PPT_삽입자료_설명포함_20260922/06_40p_손잡이모델성능/02_V3_레버만_Gazebo100장_재집계_20260922.png
W1_combined,archive/images/NAV_20260916/W1_combined.png,image,World 1: 월드 배치 + 주행 궤적,2026-09-16,보존 r8/r9 / 2026-09-22 통합 시각화,NAV_20260916,historical_reference,38; 39; 41,"legacy feedback deck, not final 40-slide deck",SDF 배치와 기록 경로 중첩,"벽·문·장애물 크기와 로봇 중심 경로를 동일한 m 단위 좌표축에 겹쳤다. 별은 개방 이벤트, 원은 시작, 마름모는 종료 지점이다.",이전 저장 지도·sim_odom·단순 힌지 backend 주행. 최신 온라인 SLAM 증거로 사용하지 않음. 2026-09-16 보존 r8/r9 주행 집계. 저장맵·sim_odom·단순 힌지 개방 조건. R34 관측기반 접촉 개방을 붙인 월드 1~5 새 검증이 아님. 문은 초기 닫힌 위치로 그렸다. 경로를 보기 좋게 평활화하거나 좌표를 임의 보정하지 않았다. 이 그림만으로 본체 전체의 충돌 여부를 판정하지 않는다.,ff74f601eb5e64f1e555461d45d9778d2bfb088947acad030b0071c6f7b20829,00_최종자료/23_PPT_삽입자료_설명포함_20260922/07_41p_월드1_5_주행/W1_배치와주행궤적_NAV_20260916.png
W1_layout,archive/images/NAV_20260916/W1_layout.png,image,World 1: 실험 월드 배치,2026-09-16,보존 r8/r9 NAV 집계,NAV_20260916,historical_reference,38; 39; 41,"legacy feedback deck, not final 40-slide deck",SDF 정답 배치도,벽·문·장애물의 실험 배치도이며 로봇이 관측한 지도가 아니다.,이전 저장 지도·sim_odom·단순 힌지 backend 주행. 최신 온라인 SLAM 증거로 사용하지 않음. 2026-09-16 보존 r8/r9 주행 집계. 저장맵·sim_odom·단순 힌지 개방 조건. R34 관측기반 접촉 개방을 붙인 월드 1~5 새 검증이 아님. 배치와 궤적을 합친 W1_combined를 우선 사용.,30bfaaac15d195d88ff4674ded91a3bffb6e55401fc15364c8d2682a19ae5ab1,00_최종자료/23_PPT_삽입자료_설명포함_20260922/07_41p_월드1_5_주행/W1_layout_NAV_20260916.png
W1_path,archive/images/NAV_20260916/W1_path.png,image,World 1: 로봇 주행 궤적,2026-09-16,보존 r8/r9 NAV 집계,NAV_20260916,historical_reference,38; 39; 41,"legacy feedback deck, not final 40-slide deck",주행 로그 그래프,기록된 로봇 경로와 문 처리 지점을 보여준다. 장애물 도형은 별도 배치도와 비교한다.,이전 저장 지도·sim_odom·단순 힌지 backend 주행. 최신 온라인 SLAM 증거로 사용하지 않음. 2026-09-16 보존 r8/r9 주행 집계. 저장맵·sim_odom·단순 힌지 개방 조건. R34 관측기반 접촉 개방을 붙인 월드 1~5 새 검증이 아님. 배치와 궤적을 합친 W1_combined를 우선 사용.,3bc223347f1d4c005f363cf62637bd9c1f62193ba4e220ca0d166f3b5427ad5b,00_최종자료/23_PPT_삽입자료_설명포함_20260922/07_41p_월드1_5_주행/W1_path_NAV_20260916.png
W1_front,archive/images/NAV_20260916/W1_front.png,image,World 1: 시작 정면 카메라,2026-09-16,보존 초기 IDLE,NAV_20260916,historical_reference,11; 38; 41,"legacy feedback deck, not final 40-slide deck",카메라 원본,각 월드의 시작 시야다. 초록문이 처음부터 보이지 않는 조건을 보여준다.,"이전 저장 지도·sim_odom·단순 힌지 backend 주행. 최신 온라인 SLAM 증거로 사용하지 않음. 당시 카메라 far clip 10m, 출구까지 약 21m. 안 보이는 결과를 실제 카메라 탐지 성능으로 일반화하지 않는다.",1b5e504de231d24f428fa2703ebe31bffa52a36886a65c00beea15eef9256e7c,00_최종자료/23_PPT_삽입자료_설명포함_20260922/07_41p_월드1_5_주행/W1_front_NAV_20260916.png
W2_combined,archive/images/NAV_20260916/W2_combined.png,image,World 2: 월드 배치 + 주행 궤적,2026-09-16,보존 r8/r9 / 2026-09-22 통합 시각화,NAV_20260916,historical_reference,38; 39; 41,"legacy feedback deck, not final 40-slide deck",SDF 배치와 기록 경로 중첩,"벽·문·장애물 크기와 로봇 중심 경로를 동일한 m 단위 좌표축에 겹쳤다. 별은 개방 이벤트, 원은 시작, 마름모는 종료 지점이다.",이전 저장 지도·sim_odom·단순 힌지 backend 주행. 최신 온라인 SLAM 증거로 사용하지 않음. 2026-09-16 보존 r8/r9 주행 집계. 저장맵·sim_odom·단순 힌지 개방 조건. R34 관측기반 접촉 개방을 붙인 월드 1~5 새 검증이 아님. 문은 초기 닫힌 위치로 그렸다. 경로를 보기 좋게 평활화하거나 좌표를 임의 보정하지 않았다. 이 그림만으로 본체 전체의 충돌 여부를 판정하지 않는다.,0c650a59ef535070b37293a707e34156603944a1d7ea63a7b24b940a04bb2330,00_최종자료/23_PPT_삽입자료_설명포함_20260922/07_41p_월드1_5_주행/W2_배치와주행궤적_NAV_20260916.png
W2_layout,archive/images/NAV_20260916/W2_layout.png,image,World 2: 실험 월드 배치,2026-09-16,보존 r8/r9 NAV 집계,NAV_20260916,historical_reference,38; 39; 41,"legacy feedback deck, not final 40-slide deck",SDF 정답 배치도,벽·문·장애물의 실험 배치도이며 로봇이 관측한 지도가 아니다.,이전 저장 지도·sim_odom·단순 힌지 backend 주행. 최신 온라인 SLAM 증거로 사용하지 않음. 2026-09-16 보존 r8/r9 주행 집계. 저장맵·sim_odom·단순 힌지 개방 조건. R34 관측기반 접촉 개방을 붙인 월드 1~5 새 검증이 아님. 배치와 궤적을 합친 W2_combined를 우선 사용.,42c947b35d618fa04a3ab428c6b598b041474492cb592d39c72a3bfca3186317,00_최종자료/23_PPT_삽입자료_설명포함_20260922/07_41p_월드1_5_주행/W2_layout_NAV_20260916.png
W2_path,archive/images/NAV_20260916/W2_path.png,image,World 2: 로봇 주행 궤적,2026-09-16,보존 r8/r9 NAV 집계,NAV_20260916,historical_reference,38; 39; 41,"legacy feedback deck, not final 40-slide deck",주행 로그 그래프,기록된 로봇 경로와 문 처리 지점을 보여준다. 장애물 도형은 별도 배치도와 비교한다.,이전 저장 지도·sim_odom·단순 힌지 backend 주행. 최신 온라인 SLAM 증거로 사용하지 않음. 2026-09-16 보존 r8/r9 주행 집계. 저장맵·sim_odom·단순 힌지 개방 조건. R34 관측기반 접촉 개방을 붙인 월드 1~5 새 검증이 아님. 배치와 궤적을 합친 W2_combined를 우선 사용.,745e5f0305177125b2ab936a1bdbe1ba1ed3f678d0d56e999b697b15a951b448,00_최종자료/23_PPT_삽입자료_설명포함_20260922/07_41p_월드1_5_주행/W2_path_NAV_20260916.png
W2_front,archive/images/NAV_20260916/W2_front.png,image,World 2: 시작 정면 카메라,2026-09-16,보존 초기 IDLE,NAV_20260916,historical_reference,11; 38; 41,"legacy feedback deck, not final 40-slide deck",카메라 원본,각 월드의 시작 시야다. 초록문이 처음부터 보이지 않는 조건을 보여준다.,"이전 저장 지도·sim_odom·단순 힌지 backend 주행. 최신 온라인 SLAM 증거로 사용하지 않음. 당시 카메라 far clip 10m, 출구까지 약 21m. 안 보이는 결과를 실제 카메라 탐지 성능으로 일반화하지 않는다.",87fc9ecc4309ff26c898bac848d65fb031fd682fff1f1367e6f54c72b4016cb6,00_최종자료/23_PPT_삽입자료_설명포함_20260922/07_41p_월드1_5_주행/W2_front_NAV_20260916.png
W3_combined,archive/images/NAV_20260916/W3_combined.png,image,World 3: 월드 배치 + 주행 궤적,2026-09-16,보존 r8/r9 / 2026-09-22 통합 시각화,NAV_20260916,historical_reference,38; 39; 41,"legacy feedback deck, not final 40-slide deck",SDF 배치와 기록 경로 중첩,"벽·문·장애물 크기와 로봇 중심 경로를 동일한 m 단위 좌표축에 겹쳤다. 별은 개방 이벤트, 원은 시작, 마름모는 종료 지점이다.",이전 저장 지도·sim_odom·단순 힌지 backend 주행. 최신 온라인 SLAM 증거로 사용하지 않음. 2026-09-16 보존 r8/r9 주행 집계. 저장맵·sim_odom·단순 힌지 개방 조건. R34 관측기반 접촉 개방을 붙인 월드 1~5 새 검증이 아님. 문은 초기 닫힌 위치로 그렸다. 경로를 보기 좋게 평활화하거나 좌표를 임의 보정하지 않았다. 이 그림만으로 본체 전체의 충돌 여부를 판정하지 않는다.,1c4bb0671d0df6c9c65ec7d9f7d99cf749a2683a3888ed7ae75074580c5f1715,00_최종자료/23_PPT_삽입자료_설명포함_20260922/07_41p_월드1_5_주행/W3_배치와주행궤적_NAV_20260916.png
W3_layout,archive/images/NAV_20260916/W3_layout.png,image,World 3: 실험 월드 배치,2026-09-16,보존 r8/r9 NAV 집계,NAV_20260916,historical_reference,38; 39; 41,"legacy feedback deck, not final 40-slide deck",SDF 정답 배치도,벽·문·장애물의 실험 배치도이며 로봇이 관측한 지도가 아니다.,이전 저장 지도·sim_odom·단순 힌지 backend 주행. 최신 온라인 SLAM 증거로 사용하지 않음. 2026-09-16 보존 r8/r9 주행 집계. 저장맵·sim_odom·단순 힌지 개방 조건. R34 관측기반 접촉 개방을 붙인 월드 1~5 새 검증이 아님. 배치와 궤적을 합친 W3_combined를 우선 사용.,9032df86a94450d219ef263fd52c102f731681f3b49299bf3fef907543dc6a6f,00_최종자료/23_PPT_삽입자료_설명포함_20260922/07_41p_월드1_5_주행/W3_layout_NAV_20260916.png
W3_path,archive/images/NAV_20260916/W3_path.png,image,World 3: 로봇 주행 궤적,2026-09-16,보존 r8/r9 NAV 집계,NAV_20260916,historical_reference,38; 39; 41,"legacy feedback deck, not final 40-slide deck",주행 로그 그래프,기록된 로봇 경로와 문 처리 지점을 보여준다. 장애물 도형은 별도 배치도와 비교한다.,이전 저장 지도·sim_odom·단순 힌지 backend 주행. 최신 온라인 SLAM 증거로 사용하지 않음. 2026-09-16 보존 r8/r9 주행 집계. 저장맵·sim_odom·단순 힌지 개방 조건. R34 관측기반 접촉 개방을 붙인 월드 1~5 새 검증이 아님. 배치와 궤적을 합친 W3_combined를 우선 사용.,b755dfd7d32e67179233788458b3896f267d23f69f70901ba2c3d04c3e66492c,00_최종자료/23_PPT_삽입자료_설명포함_20260922/07_41p_월드1_5_주행/W3_path_NAV_20260916.png
W3_front,archive/images/NAV_20260916/W3_front.png,image,World 3: 시작 정면 카메라,2026-09-16,보존 초기 IDLE,NAV_20260916,historical_reference,11; 38; 41,"legacy feedback deck, not final 40-slide deck",카메라 원본,각 월드의 시작 시야다. 초록문이 처음부터 보이지 않는 조건을 보여준다.,"이전 저장 지도·sim_odom·단순 힌지 backend 주행. 최신 온라인 SLAM 증거로 사용하지 않음. 당시 카메라 far clip 10m, 출구까지 약 21m. 안 보이는 결과를 실제 카메라 탐지 성능으로 일반화하지 않는다.",894bad9e6579bc3ccdacdb59838d45e1b2a16883e1290d37b6fd68394f89688c,00_최종자료/23_PPT_삽입자료_설명포함_20260922/07_41p_월드1_5_주행/W3_front_NAV_20260916.png
W4_combined,archive/images/NAV_20260916/W4_combined.png,image,World 4: 월드 배치 + 주행 궤적,2026-09-16,보존 r8/r9 / 2026-09-22 통합 시각화,NAV_20260916,historical_reference,38; 39; 41,"legacy feedback deck, not final 40-slide deck",SDF 배치와 기록 경로 중첩,"벽·문·장애물 크기와 로봇 중심 경로를 동일한 m 단위 좌표축에 겹쳤다. 별은 개방 이벤트, 원은 시작, 마름모는 종료 지점이다.",이전 저장 지도·sim_odom·단순 힌지 backend 주행. 최신 온라인 SLAM 증거로 사용하지 않음. 2026-09-16 보존 r8/r9 주행 집계. 저장맵·sim_odom·단순 힌지 개방 조건. R34 관측기반 접촉 개방을 붙인 월드 1~5 새 검증이 아님. 문은 초기 닫힌 위치로 그렸다. 경로를 보기 좋게 평활화하거나 좌표를 임의 보정하지 않았다. 이 그림만으로 본체 전체의 충돌 여부를 판정하지 않는다.,486513e7c7f4c2e9272746f6caa49f7a37ddd48d367bf2b27c7a414eb3f22763,00_최종자료/23_PPT_삽입자료_설명포함_20260922/07_41p_월드1_5_주행/W4_배치와주행궤적_NAV_20260916.png
W4_layout,archive/images/NAV_20260916/W4_layout.png,image,World 4: 실험 월드 배치,2026-09-16,보존 r8/r9 NAV 집계,NAV_20260916,historical_reference,38; 39; 41,"legacy feedback deck, not final 40-slide deck",SDF 정답 배치도,벽·문·장애물의 실험 배치도이며 로봇이 관측한 지도가 아니다.,이전 저장 지도·sim_odom·단순 힌지 backend 주행. 최신 온라인 SLAM 증거로 사용하지 않음. 2026-09-16 보존 r8/r9 주행 집계. 저장맵·sim_odom·단순 힌지 개방 조건. R34 관측기반 접촉 개방을 붙인 월드 1~5 새 검증이 아님. 배치와 궤적을 합친 W4_combined를 우선 사용.,e8e685b77c6d1cf57f25725851d8a943ebc845ca93cca6a76ffab35989c0827c,00_최종자료/23_PPT_삽입자료_설명포함_20260922/07_41p_월드1_5_주행/W4_layout_NAV_20260916.png
W4_path,archive/images/NAV_20260916/W4_path.png,image,World 4: 로봇 주행 궤적,2026-09-16,보존 r8/r9 NAV 집계,NAV_20260916,historical_reference,38; 39; 41,"legacy feedback deck, not final 40-slide deck",주행 로그 그래프,기록된 로봇 경로와 문 처리 지점을 보여준다. 장애물 도형은 별도 배치도와 비교한다.,이전 저장 지도·sim_odom·단순 힌지 backend 주행. 최신 온라인 SLAM 증거로 사용하지 않음. 2026-09-16 보존 r8/r9 주행 집계. 저장맵·sim_odom·단순 힌지 개방 조건. R34 관측기반 접촉 개방을 붙인 월드 1~5 새 검증이 아님. 배치와 궤적을 합친 W4_combined를 우선 사용.,49263a6bbb7c5c9b40f2b4429d86704494d078565e845ca120bec297f0689fd4,00_최종자료/23_PPT_삽입자료_설명포함_20260922/07_41p_월드1_5_주행/W4_path_NAV_20260916.png
W4_front,archive/images/NAV_20260916/W4_front.png,image,World 4: 시작 정면 카메라,2026-09-16,보존 초기 IDLE,NAV_20260916,historical_reference,11; 38; 41,"legacy feedback deck, not final 40-slide deck",카메라 원본,각 월드의 시작 시야다. 초록문이 처음부터 보이지 않는 조건을 보여준다.,"이전 저장 지도·sim_odom·단순 힌지 backend 주행. 최신 온라인 SLAM 증거로 사용하지 않음. 당시 카메라 far clip 10m, 출구까지 약 21m. 안 보이는 결과를 실제 카메라 탐지 성능으로 일반화하지 않는다.",5d3429cfda45337c5e9053136c37c2473e1009377e2c6fe51e4f694ecb92b8fe,00_최종자료/23_PPT_삽입자료_설명포함_20260922/07_41p_월드1_5_주행/W4_front_NAV_20260916.png
W5_combined,archive/images/NAV_20260916/W5_combined.png,image,World 5: 월드 배치 + 주행 궤적,2026-09-16,보존 r8/r9 / 2026-09-22 통합 시각화,NAV_20260916,historical_reference,38; 39; 41,"legacy feedback deck, not final 40-slide deck",SDF 배치와 기록 경로 중첩,"벽·문·장애물 크기와 로봇 중심 경로를 동일한 m 단위 좌표축에 겹쳤다. 별은 개방 이벤트, 원은 시작, 마름모는 종료 지점이다.",이전 저장 지도·sim_odom·단순 힌지 backend 주행. 최신 온라인 SLAM 증거로 사용하지 않음. 2026-09-16 보존 r8/r9 주행 집계. 저장맵·sim_odom·단순 힌지 개방 조건. R34 관측기반 접촉 개방을 붙인 월드 1~5 새 검증이 아님. 문은 초기 닫힌 위치로 그렸다. 경로를 보기 좋게 평활화하거나 좌표를 임의 보정하지 않았다. 이 그림만으로 본체 전체의 충돌 여부를 판정하지 않는다.,0bc9d5c0c5e835b9ab0aa69572f7cc7888579290b75674353719695146c19f2e,00_최종자료/23_PPT_삽입자료_설명포함_20260922/07_41p_월드1_5_주행/W5_배치와주행궤적_NAV_20260916.png
W5_layout,archive/images/NAV_20260916/W5_layout.png,image,World 5: 실험 월드 배치,2026-09-16,보존 r8/r9 NAV 집계,NAV_20260916,historical_reference,38; 39; 41,"legacy feedback deck, not final 40-slide deck",SDF 정답 배치도,벽·문·장애물의 실험 배치도이며 로봇이 관측한 지도가 아니다.,이전 저장 지도·sim_odom·단순 힌지 backend 주행. 최신 온라인 SLAM 증거로 사용하지 않음. 2026-09-16 보존 r8/r9 주행 집계. 저장맵·sim_odom·단순 힌지 개방 조건. R34 관측기반 접촉 개방을 붙인 월드 1~5 새 검증이 아님. 배치와 궤적을 합친 W5_combined를 우선 사용.,f7b544b0d7fd685f6b6696a2e48653c02c02f1225d84310e88caecb424806613,00_최종자료/23_PPT_삽입자료_설명포함_20260922/07_41p_월드1_5_주행/W5_layout_NAV_20260916.png
W5_path,archive/images/NAV_20260916/W5_path.png,image,World 5: 로봇 주행 궤적,2026-09-16,보존 r8/r9 NAV 집계,NAV_20260916,historical_reference,38; 39; 41,"legacy feedback deck, not final 40-slide deck",주행 로그 그래프,기록된 로봇 경로와 문 처리 지점을 보여준다. 장애물 도형은 별도 배치도와 비교한다.,이전 저장 지도·sim_odom·단순 힌지 backend 주행. 최신 온라인 SLAM 증거로 사용하지 않음. 2026-09-16 보존 r8/r9 주행 집계. 저장맵·sim_odom·단순 힌지 개방 조건. R34 관측기반 접촉 개방을 붙인 월드 1~5 새 검증이 아님. 배치와 궤적을 합친 W5_combined를 우선 사용.,33e23917faa736ff1eef927c65a990980f08342bbec19e017c6994d5e7a1efe0,00_최종자료/23_PPT_삽입자료_설명포함_20260922/07_41p_월드1_5_주행/W5_path_NAV_20260916.png
W5_front,archive/images/NAV_20260916/W5_front.png,image,World 5: 시작 정면 카메라,2026-09-16,보존 초기 IDLE,NAV_20260916,historical_reference,11; 38; 41,"legacy feedback deck, not final 40-slide deck",카메라 원본,각 월드의 시작 시야다. 초록문이 처음부터 보이지 않는 조건을 보여준다.,"이전 저장 지도·sim_odom·단순 힌지 backend 주행. 최신 온라인 SLAM 증거로 사용하지 않음. 당시 카메라 far clip 10m, 출구까지 약 21m. 안 보이는 결과를 실제 카메라 탐지 성능으로 일반화하지 않는다.",1c75abc6a93a1f9cd04c25944765d056de0b61b46c98482a23aac316316282a5,00_최종자료/23_PPT_삽입자료_설명포함_20260922/07_41p_월드1_5_주행/W5_front_NAV_20260916.png
E2,assets/images/05_contact_opening/E2.png,image,관측 각도와 독립 평가 비교,2026-09-22,R34 / robot-only observation / 단일문 PASS,R34_SINGLE_DOOR,preferred,6; 8; 30; 31; 34; 42,"legacy feedback deck, not final 40-slide deck",로봇 센서 추정·독립 평가 그래프,문 각도를 RGB-D와 LiDAR로 추정하고 Gazebo 정답 각도는 평가에만 사용한다. 이동 구간 RMSE는 0.34도다.,"기본 방향 단일문 한 번의 성공. 실제 로봇, 반대 힌지, 다문 접촉 통합 성공을 뜻하지 않음. 레버 누름은 강체 파지 가정 아래 로봇 엔코더 FK로 추정한다. 직접 레버 센서나 토크 측정은 아니다.",4e5c9cdf638590d871299952f1b012729e078a0167cb30719d6729e32bf060ea,00_최종자료/23_PPT_삽입자료_설명포함_20260922/08_34_42p_관측각도검증/01_로봇관측각도_Gazebo비교_R34.png
N_all_paths,assets/images/08_online_slam_navigation/N_all_paths.png,image,월드 1~5 실제 주행 궤적과 실험 배치,2026-09-29,r29,NAV_SLAM_R29_20260929,preferred,30,final 40-slide deck,evaluation_plot,월드 1~5 실제 주행 궤적과 실험 배치,월드 배치와 정답 로봇 궤적은 사후 평가용이며 제어에 전달하지 않음. 별표는 개방이 아닌 방문. 주행·문 방문·방향 정렬 시험. 로봇팔 도달 거리와 물리적 문 개방은 미검증. 월드별 1회 결과.,f24f398d1b5b089283158e692fc65c44f2d1b19f0522e4d4d6bb9c0cbaebd4a1,00_최종자료/36_열린출구_관측주행검증_20260929/01_world_trajectories_r29.png
N_all_slam,assets/images/08_online_slam_navigation/N_all_slam.png,image,월드 1~5 초기·중간·마지막 SLAM 지도,2026-09-29,r29,NAV_SLAM_R29_20260929,preferred,28; 30,final 40-slide deck,sensor_map_plot,월드 1~5 초기·중간·마지막 SLAM 지도,"실제 LiDAR/휠 odometry 온라인 SLAM 기록. 회색=미관측, 흰색=빈 공간, 검정=점유. 시작점 map 좌표계이며 평가 궤적의 world 원점과 다름. 주행·문 방문·방향 정렬 시험. 로봇팔 도달 거리와 물리적 문 개방은 미검증. 월드별 1회 결과.",ff2c824ae2740de7538424100de657710eba3effa280c73a6ba578ec3d86f1a8,00_최종자료/36_열린출구_관측주행검증_20260929/00_slam_map_evolution_r29.png
N1_path,assets/images/08_online_slam_navigation/N1_path.png,image,World 1: 주행 궤적과 월드 배치,2026-09-29,r29,NAV_SLAM_R29_20260929,preferred,31,final 40-slide deck,evaluation_plot,World 1: 주행 궤적과 월드 배치,월드 배치와 정답 로봇 궤적은 사후 평가용이며 제어에 전달하지 않음. 별표는 개방이 아닌 방문. 주행·문 방문·방향 정렬 시험. 로봇팔 도달 거리와 물리적 문 개방은 미검증. 월드별 1회 결과.,50a3bc01494991919be5c2f564116c5a314c80351c5ca0e73435e7cdb8f720d7,00_최종자료/36_열린출구_관측주행검증_20260929/world1_r29/evaluation_world_trajectory.png
N1_map_initial,assets/images/08_online_slam_navigation/N1_map_initial.png,image,World 1: 초기 SLAM 지도,2026-09-29,r29,NAV_SLAM_R29_20260929,preferred,31,final 40-slide deck,sensor_map_plot,World 1: 초기 SLAM 지도,"실제 LiDAR/휠 odometry 온라인 SLAM 기록. 회색=미관측, 흰색=빈 공간, 검정=점유. 시작점 map 좌표계이며 평가 궤적의 world 원점과 다름. 주행·문 방문·방향 정렬 시험. 로봇팔 도달 거리와 물리적 문 개방은 미검증. 월드별 1회 결과.",0112f47e443871e02b5594a8c7708c39866b2a9b3de898eab8644ba3e53b4c65,00_최종자료/36_열린출구_관측주행검증_20260929/world1_r29/observed_map_initial.png
N1_map_middle,assets/images/08_online_slam_navigation/N1_map_middle.png,image,World 1: 중간 SLAM 지도,2026-09-29,r29,NAV_SLAM_R29_20260929,preferred,31,final 40-slide deck,sensor_map_plot,World 1: 중간 SLAM 지도,"실제 LiDAR/휠 odometry 온라인 SLAM 기록. 회색=미관측, 흰색=빈 공간, 검정=점유. 시작점 map 좌표계이며 평가 궤적의 world 원점과 다름. 주행·문 방문·방향 정렬 시험. 로봇팔 도달 거리와 물리적 문 개방은 미검증. 월드별 1회 결과.",24204d59d0eb8283bf2b0d746e926175597cb98b098ddbed1d6b8aef8e292879,00_최종자료/36_열린출구_관측주행검증_20260929/world1_r29/observed_map_middle.png
N1_map_latest,assets/images/08_online_slam_navigation/N1_map_latest.png,image,World 1: 마지막 저장 SLAM 지도,2026-09-29,r29,NAV_SLAM_R29_20260929,preferred,31,final 40-slide deck,sensor_map_plot,World 1: 마지막 저장 SLAM 지도,"실제 LiDAR/휠 odometry 온라인 SLAM 기록. 회색=미관측, 흰색=빈 공간, 검정=점유. 시작점 map 좌표계이며 평가 궤적의 world 원점과 다름. 주행·문 방문·방향 정렬 시험. 로봇팔 도달 거리와 물리적 문 개방은 미검증. 월드별 1회 결과.",37a6e844c05983f0732fc16449362800552f9c4393baaf6870e61e6016e8c122,00_최종자료/36_열린출구_관측주행검증_20260929/world1_r29/observed_map_latest.png
N1_map_progress,assets/images/08_online_slam_navigation/N1_map_progress.png,image,World 1: SLAM 지도 생성 과정,2026-09-29,r29,NAV_SLAM_R29_20260929,preferred,31,final 40-slide deck,sensor_map_plot,World 1: SLAM 지도 생성 과정,"실제 LiDAR/휠 odometry 온라인 SLAM 기록. 회색=미관측, 흰색=빈 공간, 검정=점유. 시작점 map 좌표계이며 평가 궤적의 world 원점과 다름. 주행·문 방문·방향 정렬 시험. 로봇팔 도달 거리와 물리적 문 개방은 미검증. 월드별 1회 결과.",0a216d69f202ba2efc5c80b97409ec4bf5d05e9e3e11135f54f1463afc859d44,00_최종자료/36_열린출구_관측주행검증_20260929/world1_r29/observed_map_progress.png
N1_alignment,assets/images/08_online_slam_navigation/N1_alignment.png,image,World 1: 문 방문 위치와 방향,2026-09-29,r29,NAV_SLAM_R29_20260929,preferred,31,final 40-slide deck,evaluation_plot,World 1: 문 방문 위치와 방향,월드 배치와 정답 로봇 궤적은 사후 평가용이며 제어에 전달하지 않음. 별표는 개방이 아닌 방문. 주행·문 방문·방향 정렬 시험. 로봇팔 도달 거리와 물리적 문 개방은 미검증. 월드별 1회 결과.,27fc9fc3a6f3659937e70044cf32218c1a517b8fddc50ded44cacc33dff6ef94,00_최종자료/36_열린출구_관측주행검증_20260929/world1_r29/door_visit_alignment.png
N1_camera,assets/images/08_online_slam_navigation/N1_camera.png,image,World 1: 정면 카메라 관측 모음,2026-09-29,r29,NAV_SLAM_R29_20260929,preferred,31,final 40-slide deck,recorded_camera,World 1: 정면 카메라 관측 모음,주행·문 방문·방향 정렬 시험. 로봇팔 도달 거리와 물리적 문 개방은 미검증. 월드별 1회 결과.,fe5f1bbbb07c852772d9372002dd89d1aeacce14c2541ec789cba29f6ea1f53b,00_최종자료/36_열린출구_관측주행검증_20260929/world1_r29/camera_observations.png
N1_lidar,assets/images/08_online_slam_navigation/N1_lidar.png,image,World 1: LiDAR 스캔과 실시간 코스트맵,2026-09-29,r29,NAV_SLAM_R29_20260929,preferred,31,final 40-slide deck,sensor_plot,World 1: LiDAR 스캔과 실시간 코스트맵,주행·문 방문·방향 정렬 시험. 로봇팔 도달 거리와 물리적 문 개방은 미검증. 월드별 1회 결과.,07699cc0f582afee40f8735d772a22736bcbbf9d8970997667f15c89d5d2cf59,00_최종자료/36_열린출구_관측주행검증_20260929/world1_r29/lidar_and_live_costmap.png
N1_error,assets/images/08_online_slam_navigation/N1_error.png,image,World 1: 위치추정 오차,2026-09-29,r29,NAV_SLAM_R29_20260929,preferred,31,final 40-slide deck,evaluation_plot,World 1: 위치추정 오차,월드 배치와 정답 로봇 궤적은 사후 평가용이며 제어에 전달하지 않음. 별표는 개방이 아닌 방문. 주행·문 방문·방향 정렬 시험. 로봇팔 도달 거리와 물리적 문 개방은 미검증. 월드별 1회 결과.,8ee1eeb0ff918ab13039455303f39f5aa745143a1157aa6b8b578eb58f76675b,00_최종자료/36_열린출구_관측주행검증_20260929/world1_r29/localization_error.png
N1_start,assets/images/08_online_slam_navigation/N1_start.jpg,image,World 1: 시작 정면 카메라 원본,2026-09-29,r29,NAV_SLAM_R29_20260929,preferred,31,final 40-slide deck,recorded_camera,World 1: 시작 정면 카메라 원본,주행·문 방문·방향 정렬 시험. 로봇팔 도달 거리와 물리적 문 개방은 미검증. 월드별 1회 결과.,0815c4fb8c7b5e1eb1ba1e8cd1e3f2c7fd1fde8e3bb80d888e8c57ca7238c09b,00_최종자료/36_열린출구_관측주행검증_20260929/world1_r29/evidence/camera_000.jpg
N2_path,assets/images/08_online_slam_navigation/N2_path.png,image,World 2: 주행 궤적과 월드 배치,2026-09-29,r29,NAV_SLAM_R29_20260929,preferred,32,final 40-slide deck,evaluation_plot,World 2: 주행 궤적과 월드 배치,월드 배치와 정답 로봇 궤적은 사후 평가용이며 제어에 전달하지 않음. 별표는 개방이 아닌 방문. 주행·문 방문·방향 정렬 시험. 로봇팔 도달 거리와 물리적 문 개방은 미검증. 월드별 1회 결과.,8a3f7f09bd94c59b65845bece6868882f19e5e50e4d6955961a6ca74e2d906fc,00_최종자료/36_열린출구_관측주행검증_20260929/world2_r29/evaluation_world_trajectory.png
N2_map_initial,assets/images/08_online_slam_navigation/N2_map_initial.png,image,World 2: 초기 SLAM 지도,2026-09-29,r29,NAV_SLAM_R29_20260929,preferred,32,final 40-slide deck,sensor_map_plot,World 2: 초기 SLAM 지도,"실제 LiDAR/휠 odometry 온라인 SLAM 기록. 회색=미관측, 흰색=빈 공간, 검정=점유. 시작점 map 좌표계이며 평가 궤적의 world 원점과 다름. 주행·문 방문·방향 정렬 시험. 로봇팔 도달 거리와 물리적 문 개방은 미검증. 월드별 1회 결과.",cb5bacbc098c2920f8b0ad5f7ce4715ff3048aafcea80bfb35b9ded85e6cd32b,00_최종자료/36_열린출구_관측주행검증_20260929/world2_r29/observed_map_initial.png
N2_map_middle,assets/images/08_online_slam_navigation/N2_map_middle.png,image,World 2: 중간 SLAM 지도,2026-09-29,r29,NAV_SLAM_R29_20260929,preferred,32,final 40-slide deck,sensor_map_plot,World 2: 중간 SLAM 지도,"실제 LiDAR/휠 odometry 온라인 SLAM 기록. 회색=미관측, 흰색=빈 공간, 검정=점유. 시작점 map 좌표계이며 평가 궤적의 world 원점과 다름. 주행·문 방문·방향 정렬 시험. 로봇팔 도달 거리와 물리적 문 개방은 미검증. 월드별 1회 결과.",db60789c70baeb024da874ee9928ed0461176775cd70e0104845547e9acfd35e,00_최종자료/36_열린출구_관측주행검증_20260929/world2_r29/observed_map_middle.png
N2_map_latest,assets/images/08_online_slam_navigation/N2_map_latest.png,image,World 2: 마지막 저장 SLAM 지도,2026-09-29,r29,NAV_SLAM_R29_20260929,preferred,32,final 40-slide deck,sensor_map_plot,World 2: 마지막 저장 SLAM 지도,"실제 LiDAR/휠 odometry 온라인 SLAM 기록. 회색=미관측, 흰색=빈 공간, 검정=점유. 시작점 map 좌표계이며 평가 궤적의 world 원점과 다름. 주행·문 방문·방향 정렬 시험. 로봇팔 도달 거리와 물리적 문 개방은 미검증. 월드별 1회 결과.",790d309e2289dceb436f2f76e3cca13f0018aa07bc3ee2af904d7938c75ef009,00_최종자료/36_열린출구_관측주행검증_20260929/world2_r29/observed_map_latest.png
N2_map_progress,assets/images/08_online_slam_navigation/N2_map_progress.png,image,World 2: SLAM 지도 생성 과정,2026-09-29,r29,NAV_SLAM_R29_20260929,preferred,32,final 40-slide deck,sensor_map_plot,World 2: SLAM 지도 생성 과정,"실제 LiDAR/휠 odometry 온라인 SLAM 기록. 회색=미관측, 흰색=빈 공간, 검정=점유. 시작점 map 좌표계이며 평가 궤적의 world 원점과 다름. 주행·문 방문·방향 정렬 시험. 로봇팔 도달 거리와 물리적 문 개방은 미검증. 월드별 1회 결과.",fe4512ff43f5ff4aafe5ceef0ed601d85025c15e9906d39ddcc20f822576169b,00_최종자료/36_열린출구_관측주행검증_20260929/world2_r29/observed_map_progress.png
N2_alignment,assets/images/08_online_slam_navigation/N2_alignment.png,image,World 2: 문 방문 위치와 방향,2026-09-29,r29,NAV_SLAM_R29_20260929,preferred,32,final 40-slide deck,evaluation_plot,World 2: 문 방문 위치와 방향,월드 배치와 정답 로봇 궤적은 사후 평가용이며 제어에 전달하지 않음. 별표는 개방이 아닌 방문. 주행·문 방문·방향 정렬 시험. 로봇팔 도달 거리와 물리적 문 개방은 미검증. 월드별 1회 결과.,479d259de2d2ea809354ef13269990fb6d7584b31bd8e8d682e614e90f8ab342,00_최종자료/36_열린출구_관측주행검증_20260929/world2_r29/door_visit_alignment.png
N2_camera,assets/images/08_online_slam_navigation/N2_camera.png,image,World 2: 정면 카메라 관측 모음,2026-09-29,r29,NAV_SLAM_R29_20260929,preferred,32,final 40-slide deck,recorded_camera,World 2: 정면 카메라 관측 모음,주행·문 방문·방향 정렬 시험. 로봇팔 도달 거리와 물리적 문 개방은 미검증. 월드별 1회 결과.,b5b30c54b2b8dcead3d51cf339c0af7f7b5e12dc7967acf179c4c9e43a936ec8,00_최종자료/36_열린출구_관측주행검증_20260929/world2_r29/camera_observations.png
N2_lidar,assets/images/08_online_slam_navigation/N2_lidar.png,image,World 2: LiDAR 스캔과 실시간 코스트맵,2026-09-29,r29,NAV_SLAM_R29_20260929,preferred,32,final 40-slide deck,sensor_plot,World 2: LiDAR 스캔과 실시간 코스트맵,주행·문 방문·방향 정렬 시험. 로봇팔 도달 거리와 물리적 문 개방은 미검증. 월드별 1회 결과.,0491be71f035a43ebc2a4b0520433f6d07bfee6ec0bde22b30c47ebcea88e44b,00_최종자료/36_열린출구_관측주행검증_20260929/world2_r29/lidar_and_live_costmap.png
N2_error,assets/images/08_online_slam_navigation/N2_error.png,image,World 2: 위치추정 오차,2026-09-29,r29,NAV_SLAM_R29_20260929,preferred,32,final 40-slide deck,evaluation_plot,World 2: 위치추정 오차,월드 배치와 정답 로봇 궤적은 사후 평가용이며 제어에 전달하지 않음. 별표는 개방이 아닌 방문. 주행·문 방문·방향 정렬 시험. 로봇팔 도달 거리와 물리적 문 개방은 미검증. 월드별 1회 결과.,dfe659f63ff7ca383e0e1f6560e5461bcec9af9fd3bfe8416c284b6a02e1125c,00_최종자료/36_열린출구_관측주행검증_20260929/world2_r29/localization_error.png
N2_start,assets/images/08_online_slam_navigation/N2_start.jpg,image,World 2: 시작 정면 카메라 원본,2026-09-29,r29,NAV_SLAM_R29_20260929,preferred,32,final 40-slide deck,recorded_camera,World 2: 시작 정면 카메라 원본,주행·문 방문·방향 정렬 시험. 로봇팔 도달 거리와 물리적 문 개방은 미검증. 월드별 1회 결과.,18125558e859d16e680097f71a9ed6287fc24b7b395e61b9ad46c00f5dc9b41d,00_최종자료/36_열린출구_관측주행검증_20260929/world2_r29/evidence/camera_000.jpg
N3_path,assets/images/08_online_slam_navigation/N3_path.png,image,World 3: 주행 궤적과 월드 배치,2026-09-29,r29,NAV_SLAM_R29_20260929,preferred,33,final 40-slide deck,evaluation_plot,World 3: 주행 궤적과 월드 배치,월드 배치와 정답 로봇 궤적은 사후 평가용이며 제어에 전달하지 않음. 별표는 개방이 아닌 방문. 주행·문 방문·방향 정렬 시험. 로봇팔 도달 거리와 물리적 문 개방은 미검증. 월드별 1회 결과.,6a8a66ab8f2179243c85eedacf561d3694f785eb65c4dac9dfe75575e5b18b70,00_최종자료/36_열린출구_관측주행검증_20260929/world3_r29/evaluation_world_trajectory.png
N3_map_initial,assets/images/08_online_slam_navigation/N3_map_initial.png,image,World 3: 초기 SLAM 지도,2026-09-29,r29,NAV_SLAM_R29_20260929,preferred,33,final 40-slide deck,sensor_map_plot,World 3: 초기 SLAM 지도,"실제 LiDAR/휠 odometry 온라인 SLAM 기록. 회색=미관측, 흰색=빈 공간, 검정=점유. 시작점 map 좌표계이며 평가 궤적의 world 원점과 다름. 주행·문 방문·방향 정렬 시험. 로봇팔 도달 거리와 물리적 문 개방은 미검증. 월드별 1회 결과.",e3b5eab0e03ba035f3958a3a1b462a2a4acf1568d0f12280d5779c8eb9d86928,00_최종자료/36_열린출구_관측주행검증_20260929/world3_r29/observed_map_initial.png
N3_map_middle,assets/images/08_online_slam_navigation/N3_map_middle.png,image,World 3: 중간 SLAM 지도,2026-09-29,r29,NAV_SLAM_R29_20260929,preferred,33,final 40-slide deck,sensor_map_plot,World 3: 중간 SLAM 지도,"실제 LiDAR/휠 odometry 온라인 SLAM 기록. 회색=미관측, 흰색=빈 공간, 검정=점유. 시작점 map 좌표계이며 평가 궤적의 world 원점과 다름. 주행·문 방문·방향 정렬 시험. 로봇팔 도달 거리와 물리적 문 개방은 미검증. 월드별 1회 결과.",86ff2df498aadc188e4c84c616c1717ce60b38977f743e1ceaed90103252a1bb,00_최종자료/36_열린출구_관측주행검증_20260929/world3_r29/observed_map_middle.png
N3_map_latest,assets/images/08_online_slam_navigation/N3_map_latest.png,image,World 3: 마지막 저장 SLAM 지도,2026-09-29,r29,NAV_SLAM_R29_20260929,preferred,33,final 40-slide deck,sensor_map_plot,World 3: 마지막 저장 SLAM 지도,"실제 LiDAR/휠 odometry 온라인 SLAM 기록. 회색=미관측, 흰색=빈 공간, 검정=점유. 시작점 map 좌표계이며 평가 궤적의 world 원점과 다름. 주행·문 방문·방향 정렬 시험. 로봇팔 도달 거리와 물리적 문 개방은 미검증. 월드별 1회 결과.",f4a59dab7cdd0e375abda47b4b085e48cec662c1bee31812993afd2369834a2c,00_최종자료/36_열린출구_관측주행검증_20260929/world3_r29/observed_map_latest.png
N3_map_progress,assets/images/08_online_slam_navigation/N3_map_progress.png,image,World 3: SLAM 지도 생성 과정,2026-09-29,r29,NAV_SLAM_R29_20260929,preferred,33,final 40-slide deck,sensor_map_plot,World 3: SLAM 지도 생성 과정,"실제 LiDAR/휠 odometry 온라인 SLAM 기록. 회색=미관측, 흰색=빈 공간, 검정=점유. 시작점 map 좌표계이며 평가 궤적의 world 원점과 다름. 주행·문 방문·방향 정렬 시험. 로봇팔 도달 거리와 물리적 문 개방은 미검증. 월드별 1회 결과.",ad94959c25f0b30b3a22056695bab74e80f5491d4f77905a806595d2f1515a45,00_최종자료/36_열린출구_관측주행검증_20260929/world3_r29/observed_map_progress.png
N3_alignment,assets/images/08_online_slam_navigation/N3_alignment.png,image,World 3: 문 방문 위치와 방향,2026-09-29,r29,NAV_SLAM_R29_20260929,preferred,33,final 40-slide deck,evaluation_plot,World 3: 문 방문 위치와 방향,월드 배치와 정답 로봇 궤적은 사후 평가용이며 제어에 전달하지 않음. 별표는 개방이 아닌 방문. 주행·문 방문·방향 정렬 시험. 로봇팔 도달 거리와 물리적 문 개방은 미검증. 월드별 1회 결과.,b14393758fc02f113cf74783203cb8e6ff65a9009295c458a020395e788fa6b0,00_최종자료/36_열린출구_관측주행검증_20260929/world3_r29/door_visit_alignment.png
N3_camera,assets/images/08_online_slam_navigation/N3_camera.png,image,World 3: 정면 카메라 관측 모음,2026-09-29,r29,NAV_SLAM_R29_20260929,preferred,33,final 40-slide deck,recorded_camera,World 3: 정면 카메라 관측 모음,주행·문 방문·방향 정렬 시험. 로봇팔 도달 거리와 물리적 문 개방은 미검증. 월드별 1회 결과.,614b9a15e53d3b6be9c6b7039cd683572ce1f1830524452f9ec77b73a3b05122,00_최종자료/36_열린출구_관측주행검증_20260929/world3_r29/camera_observations.png
N3_lidar,assets/images/08_online_slam_navigation/N3_lidar.png,image,World 3: LiDAR 스캔과 실시간 코스트맵,2026-09-29,r29,NAV_SLAM_R29_20260929,preferred,33,final 40-slide deck,sensor_plot,World 3: LiDAR 스캔과 실시간 코스트맵,주행·문 방문·방향 정렬 시험. 로봇팔 도달 거리와 물리적 문 개방은 미검증. 월드별 1회 결과.,16810782c7d6be654eb1a94971f3b99bdb33becd596d3fec3f2fd4d836da3c6d,00_최종자료/36_열린출구_관측주행검증_20260929/world3_r29/lidar_and_live_costmap.png
N3_error,assets/images/08_online_slam_navigation/N3_error.png,image,World 3: 위치추정 오차,2026-09-29,r29,NAV_SLAM_R29_20260929,preferred,33,final 40-slide deck,evaluation_plot,World 3: 위치추정 오차,월드 배치와 정답 로봇 궤적은 사후 평가용이며 제어에 전달하지 않음. 별표는 개방이 아닌 방문. 주행·문 방문·방향 정렬 시험. 로봇팔 도달 거리와 물리적 문 개방은 미검증. 월드별 1회 결과.,b7bbcf421b3a235a2eeecc775bb6000d63d488106878a295266cbac4c44ebac6,00_최종자료/36_열린출구_관측주행검증_20260929/world3_r29/localization_error.png
N3_start,assets/images/08_online_slam_navigation/N3_start.jpg,image,World 3: 시작 정면 카메라 원본,2026-09-29,r29,NAV_SLAM_R29_20260929,preferred,33,final 40-slide deck,recorded_camera,World 3: 시작 정면 카메라 원본,주행·문 방문·방향 정렬 시험. 로봇팔 도달 거리와 물리적 문 개방은 미검증. 월드별 1회 결과.,118692cb7a50aee5564dde773c8d2fdde8e4b55766f31843d86e00f3c4a477b2,00_최종자료/36_열린출구_관측주행검증_20260929/world3_r29/evidence/camera_000.jpg
N4_path,assets/images/08_online_slam_navigation/N4_path.png,image,World 4: 주행 궤적과 월드 배치,2026-09-29,r29,NAV_SLAM_R29_20260929,preferred,34,final 40-slide deck,evaluation_plot,World 4: 주행 궤적과 월드 배치,월드 배치와 정답 로봇 궤적은 사후 평가용이며 제어에 전달하지 않음. 별표는 개방이 아닌 방문. 주행·문 방문·방향 정렬 시험. 로봇팔 도달 거리와 물리적 문 개방은 미검증. 월드별 1회 결과.,f7e7750e542cf1092a73cc40624c548ce0fdb96e92e170b73954fe5654a31730,00_최종자료/36_열린출구_관측주행검증_20260929/world4_r29/evaluation_world_trajectory.png
N4_map_initial,assets/images/08_online_slam_navigation/N4_map_initial.png,image,World 4: 초기 SLAM 지도,2026-09-29,r29,NAV_SLAM_R29_20260929,preferred,34,final 40-slide deck,sensor_map_plot,World 4: 초기 SLAM 지도,"실제 LiDAR/휠 odometry 온라인 SLAM 기록. 회색=미관측, 흰색=빈 공간, 검정=점유. 시작점 map 좌표계이며 평가 궤적의 world 원점과 다름. 주행·문 방문·방향 정렬 시험. 로봇팔 도달 거리와 물리적 문 개방은 미검증. 월드별 1회 결과.",67fabfec553e80309daabbe4850befe1cfcb22c7356f56c63f76148a4e55c09c,00_최종자료/36_열린출구_관측주행검증_20260929/world4_r29/observed_map_initial.png
N4_map_middle,assets/images/08_online_slam_navigation/N4_map_middle.png,image,World 4: 중간 SLAM 지도,2026-09-29,r29,NAV_SLAM_R29_20260929,preferred,34,final 40-slide deck,sensor_map_plot,World 4: 중간 SLAM 지도,"실제 LiDAR/휠 odometry 온라인 SLAM 기록. 회색=미관측, 흰색=빈 공간, 검정=점유. 시작점 map 좌표계이며 평가 궤적의 world 원점과 다름. 주행·문 방문·방향 정렬 시험. 로봇팔 도달 거리와 물리적 문 개방은 미검증. 월드별 1회 결과.",1a6b7f19472b97a32be9677cd8b60d8f5bd57cef156a7bdf4265c5d716d760fa,00_최종자료/36_열린출구_관측주행검증_20260929/world4_r29/observed_map_middle.png
N4_map_latest,assets/images/08_online_slam_navigation/N4_map_latest.png,image,World 4: 마지막 저장 SLAM 지도,2026-09-29,r29,NAV_SLAM_R29_20260929,preferred,34,final 40-slide deck,sensor_map_plot,World 4: 마지막 저장 SLAM 지도,"실제 LiDAR/휠 odometry 온라인 SLAM 기록. 회색=미관측, 흰색=빈 공간, 검정=점유. 시작점 map 좌표계이며 평가 궤적의 world 원점과 다름. 주행·문 방문·방향 정렬 시험. 로봇팔 도달 거리와 물리적 문 개방은 미검증. 월드별 1회 결과.",ac64836e01e574d7ee0167ed083dd6b509ea2bb8cbf60cddbd164ea9c38b9477,00_최종자료/36_열린출구_관측주행검증_20260929/world4_r29/observed_map_latest.png
N4_map_progress,assets/images/08_online_slam_navigation/N4_map_progress.png,image,World 4: SLAM 지도 생성 과정,2026-09-29,r29,NAV_SLAM_R29_20260929,preferred,34,final 40-slide deck,sensor_map_plot,World 4: SLAM 지도 생성 과정,"실제 LiDAR/휠 odometry 온라인 SLAM 기록. 회색=미관측, 흰색=빈 공간, 검정=점유. 시작점 map 좌표계이며 평가 궤적의 world 원점과 다름. 주행·문 방문·방향 정렬 시험. 로봇팔 도달 거리와 물리적 문 개방은 미검증. 월드별 1회 결과.",4a51b5d4f5680d49d220ad2b67f6eb1b8b2f0e8bd36a6c292394b8c993ce5b85,00_최종자료/36_열린출구_관측주행검증_20260929/world4_r29/observed_map_progress.png
N4_camera,assets/images/08_online_slam_navigation/N4_camera.png,image,World 4: 정면 카메라 관측 모음,2026-09-29,r29,NAV_SLAM_R29_20260929,preferred,34,final 40-slide deck,recorded_camera,World 4: 정면 카메라 관측 모음,주행·문 방문·방향 정렬 시험. 로봇팔 도달 거리와 물리적 문 개방은 미검증. 월드별 1회 결과.,3be85e46b6b4c0b417071a05b3e7bda253414ea946ef768f31755f6f3657fe1c,00_최종자료/36_열린출구_관측주행검증_20260929/world4_r29/camera_observations.png
N4_lidar,assets/images/08_online_slam_navigation/N4_lidar.png,image,World 4: LiDAR 스캔과 실시간 코스트맵,2026-09-29,r29,NAV_SLAM_R29_20260929,preferred,34,final 40-slide deck,sensor_plot,World 4: LiDAR 스캔과 실시간 코스트맵,주행·문 방문·방향 정렬 시험. 로봇팔 도달 거리와 물리적 문 개방은 미검증. 월드별 1회 결과.,61025d2cf798fe4c8adb89c945ee398964d505740d33985ed28ca830b085b91c,00_최종자료/36_열린출구_관측주행검증_20260929/world4_r29/lidar_and_live_costmap.png
N4_error,assets/images/08_online_slam_navigation/N4_error.png,image,World 4: 위치추정 오차,2026-09-29,r29,NAV_SLAM_R29_20260929,preferred,34,final 40-slide deck,evaluation_plot,World 4: 위치추정 오차,월드 배치와 정답 로봇 궤적은 사후 평가용이며 제어에 전달하지 않음. 별표는 개방이 아닌 방문. 주행·문 방문·방향 정렬 시험. 로봇팔 도달 거리와 물리적 문 개방은 미검증. 월드별 1회 결과.,34c5c2c3d8c106cbd1e07dc07aee460928d03e0854482a2cda8a3448b616d710,00_최종자료/36_열린출구_관측주행검증_20260929/world4_r29/localization_error.png
N4_start,assets/images/08_online_slam_navigation/N4_start.jpg,image,World 4: 시작 정면 카메라 원본,2026-09-29,r29,NAV_SLAM_R29_20260929,preferred,34,final 40-slide deck,recorded_camera,World 4: 시작 정면 카메라 원본,주행·문 방문·방향 정렬 시험. 로봇팔 도달 거리와 물리적 문 개방은 미검증. 월드별 1회 결과.,08bef3b71e12447cbd8854dda9e35fe5268bc7597b2806866dd75c6a318fdbf8,00_최종자료/36_열린출구_관측주행검증_20260929/world4_r29/evidence/camera_000.jpg
N5_path,assets/images/08_online_slam_navigation/N5_path.png,image,World 5: 주행 궤적과 월드 배치,2026-09-29,r29,NAV_SLAM_R29_20260929,preferred,35,final 40-slide deck,evaluation_plot,World 5: 주행 궤적과 월드 배치,월드 배치와 정답 로봇 궤적은 사후 평가용이며 제어에 전달하지 않음. 별표는 개방이 아닌 방문. 주행·문 방문·방향 정렬 시험. 로봇팔 도달 거리와 물리적 문 개방은 미검증. 월드별 1회 결과.,365677ca455c2d2ba32a5dfa0a12eca38873701565226a982f813e5eda3e1e77,00_최종자료/36_열린출구_관측주행검증_20260929/world5_r29/evaluation_world_trajectory.png
N5_map_initial,assets/images/08_online_slam_navigation/N5_map_initial.png,image,World 5: 초기 SLAM 지도,2026-09-29,r29,NAV_SLAM_R29_20260929,preferred,35,final 40-slide deck,sensor_map_plot,World 5: 초기 SLAM 지도,"실제 LiDAR/휠 odometry 온라인 SLAM 기록. 회색=미관측, 흰색=빈 공간, 검정=점유. 시작점 map 좌표계이며 평가 궤적의 world 원점과 다름. 주행·문 방문·방향 정렬 시험. 로봇팔 도달 거리와 물리적 문 개방은 미검증. 월드별 1회 결과.",4376f96534f3490010d16662a179fa79d771ad1da9117dcb080bfe33f7e3210f,00_최종자료/36_열린출구_관측주행검증_20260929/world5_r29/observed_map_initial.png
N5_map_middle,assets/images/08_online_slam_navigation/N5_map_middle.png,image,World 5: 중간 SLAM 지도,2026-09-29,r29,NAV_SLAM_R29_20260929,preferred,35,final 40-slide deck,sensor_map_plot,World 5: 중간 SLAM 지도,"실제 LiDAR/휠 odometry 온라인 SLAM 기록. 회색=미관측, 흰색=빈 공간, 검정=점유. 시작점 map 좌표계이며 평가 궤적의 world 원점과 다름. 주행·문 방문·방향 정렬 시험. 로봇팔 도달 거리와 물리적 문 개방은 미검증. 월드별 1회 결과.",29b5df03f5e9e25d0530c0af51f6e0855cc6f682fb88bc58b2ee06362a1c4e50,00_최종자료/36_열린출구_관측주행검증_20260929/world5_r29/observed_map_middle.png
N5_map_latest,assets/images/08_online_slam_navigation/N5_map_latest.png,image,World 5: 마지막 저장 SLAM 지도,2026-09-29,r29,NAV_SLAM_R29_20260929,preferred,35,final 40-slide deck,sensor_map_plot,World 5: 마지막 저장 SLAM 지도,"실제 LiDAR/휠 odometry 온라인 SLAM 기록. 회색=미관측, 흰색=빈 공간, 검정=점유. 시작점 map 좌표계이며 평가 궤적의 world 원점과 다름. 주행·문 방문·방향 정렬 시험. 로봇팔 도달 거리와 물리적 문 개방은 미검증. 월드별 1회 결과.",0e772018f57ec4d01848396d5a7fdd7d19bbd5c377f8e378d88b235b5aa8b3b1,00_최종자료/36_열린출구_관측주행검증_20260929/world5_r29/observed_map_latest.png
N5_map_progress,assets/images/08_online_slam_navigation/N5_map_progress.png,image,World 5: SLAM 지도 생성 과정,2026-09-29,r29,NAV_SLAM_R29_20260929,preferred,35,final 40-slide deck,sensor_map_plot,World 5: SLAM 지도 생성 과정,"실제 LiDAR/휠 odometry 온라인 SLAM 기록. 회색=미관측, 흰색=빈 공간, 검정=점유. 시작점 map 좌표계이며 평가 궤적의 world 원점과 다름. 주행·문 방문·방향 정렬 시험. 로봇팔 도달 거리와 물리적 문 개방은 미검증. 월드별 1회 결과.",0cb66b23ff1d6fbc850391fb761f329450e557f3324cf28e40b5c1b1f109fe16,00_최종자료/36_열린출구_관측주행검증_20260929/world5_r29/observed_map_progress.png
N5_alignment,assets/images/08_online_slam_navigation/N5_alignment.png,image,World 5: 문 방문 위치와 방향,2026-09-29,r29,NAV_SLAM_R29_20260929,preferred,35,final 40-slide deck,evaluation_plot,World 5: 문 방문 위치와 방향,월드 배치와 정답 로봇 궤적은 사후 평가용이며 제어에 전달하지 않음. 별표는 개방이 아닌 방문. 주행·문 방문·방향 정렬 시험. 로봇팔 도달 거리와 물리적 문 개방은 미검증. 월드별 1회 결과.,350730685ae11c99182f5614cddecfa3f0fbab0de17c788ed00637702a34122c,00_최종자료/36_열린출구_관측주행검증_20260929/world5_r29/door_visit_alignment.png
N5_camera,assets/images/08_online_slam_navigation/N5_camera.png,image,World 5: 정면 카메라 관측 모음,2026-09-29,r29,NAV_SLAM_R29_20260929,preferred,35,final 40-slide deck,recorded_camera,World 5: 정면 카메라 관측 모음,주행·문 방문·방향 정렬 시험. 로봇팔 도달 거리와 물리적 문 개방은 미검증. 월드별 1회 결과.,e0fbc1220f8f34b7ec295e7b3bf8158c7a30a60799b2c747bfe45000add28086,00_최종자료/36_열린출구_관측주행검증_20260929/world5_r29/camera_observations.png
N5_lidar,assets/images/08_online_slam_navigation/N5_lidar.png,image,World 5: LiDAR 스캔과 실시간 코스트맵,2026-09-29,r29,NAV_SLAM_R29_20260929,preferred,35,final 40-slide deck,sensor_plot,World 5: LiDAR 스캔과 실시간 코스트맵,주행·문 방문·방향 정렬 시험. 로봇팔 도달 거리와 물리적 문 개방은 미검증. 월드별 1회 결과.,3d2cb99010c3d466204c64089a120a4bf2864edad222b0c5262f612d0d633854,00_최종자료/36_열린출구_관측주행검증_20260929/world5_r29/lidar_and_live_costmap.png
N5_error,assets/images/08_online_slam_navigation/N5_error.png,image,World 5: 위치추정 오차,2026-09-29,r29,NAV_SLAM_R29_20260929,preferred,35,final 40-slide deck,evaluation_plot,World 5: 위치추정 오차,월드 배치와 정답 로봇 궤적은 사후 평가용이며 제어에 전달하지 않음. 별표는 개방이 아닌 방문. 주행·문 방문·방향 정렬 시험. 로봇팔 도달 거리와 물리적 문 개방은 미검증. 월드별 1회 결과.,e0a70d7de9d85fbf847cc8d52103ff76d073b61d578ea04a25954f98d922f560,00_최종자료/36_열린출구_관측주행검증_20260929/world5_r29/localization_error.png
N5_start,assets/images/08_online_slam_navigation/N5_start.jpg,image,World 5: 시작 정면 카메라 원본,2026-09-29,r29,NAV_SLAM_R29_20260929,preferred,35,final 40-slide deck,recorded_camera,World 5: 시작 정면 카메라 원본,주행·문 방문·방향 정렬 시험. 로봇팔 도달 거리와 물리적 문 개방은 미검증. 월드별 1회 결과.,f6eda763b057de806750a75139e5e548a0af83133dfe88758f390c00bf1d49ef,00_최종자료/36_열린출구_관측주행검증_20260929/world5_r29/evidence/camera_000.jpg
