sim_time,wall_elapsed,x,y,yaw
6.0,9.547830996999892,-2.1827909979054236e-12,-6.429547303688803e-33,-4.0006196638010066e-19
6.5,10.100921470000003,-2.182790998392245e-12,-6.429547465765599e-33,-4.561857090591443e-19
7.0,10.654189372000019,-2.1827909692954575e-12,-6.429561725994066e-33,-5.023774922932492e-19
7.5,11.202629102999936,-2.1827908964047034e-12,-6.429601744692461e-33,-6.013676085249112e-19
8.0,11.75246110099988,-2.1827908054094804e-12,-6.42965693021048e-33,-6.184302694905643e-19
8.5,12.315506882999898,-2.1827907905091218e-12,-6.429666796158834e-33,-6.905750057054339e-19
9.0,12.948557226000048,-2.182790827665076e-12,-6.429640249522508e-33,-7.266441348099339e-19
9.5,13.514784681000037,-2.1827908113033535e-12,-6.429652422283097e-33,-7.788446394871515e-19
10.0,14.124833257999853,-2.1827908673000862e-12,-6.42960756407799e-33,-8.118702672295673e-19
10.5,14.700437319999992,-2.1827909289372104e-12,-6.429553588198747e-33,-9.388191158927635e-19
11.0,15.274499386999878,-2.182790944962851e-12,-6.429537934649943e-33,-9.574908300674001e-19
11.5,15.877622172999963,-2.1827910276563177e-12,-6.429452298222947e-33,-1.0639572758867941e-18
12.0,16.448028697999916,-2.182791064098021e-12,-6.429412534505322e-33,-1.095224171277025e-18
12.5,17.02443594400006,-2.182791057686896e-12,-6.429419488220787e-33,-1.1195087441720317e-18
13.0,17.599728473999903,-2.1827910558845443e-12,-6.429421474240285e-33,-1.1217044773801676e-18
13.5,18.181399963999866,-2.18279108180472e-12,-6.429392871510105e-33,-1.1215709835733394e-18
14.0,18.932713978000038,-2.182791098365801e-12,-6.42937338669582e-33,-1.1780558643258145e-18
14.535,19.823685408000074,-2.182791132325705e-12,-6.429332194918664e-33,-1.244122913713728e-18
15.0,20.414761305999946,-2.182791233280173e-12,-6.429206065834073e-33,-1.2221374091891778e-18
15.5,21.21473687899993,-2.18279132740418e-12,-6.429088487867523e-33,-1.2934967721465836e-18
16.0,22.105585669999982,-2.1827913466099503e-12,-6.429062023346526e-33,-1.3705083242670168e-18
16.5,22.876623021999876,-2.1827913741565603e-12,-6.429023446092479e-33,-1.4236192984740267e-18
17.0,23.59613051799988,-2.182791338930299e-12,-6.429076027313672e-33,-1.4728604610217557e-18
17.5,24.32263200600005,-2.182791359738364e-12,-6.429044702183526e-33,-1.5367186039658275e-18
18.0,25.058502465999936,-2.1827913791440677e-12,-6.429013722469778e-33,-1.6218332843592181e-18
18.5,25.777184973999965,-2.1827913950018502e-12,-6.428989579238528e-33,-1.702567319746202e-18
19.0,26.521835193000015,-2.1827913704543055e-12,-6.429032052698513e-33,-1.768284147102774e-18
19.5,27.22079261199997,-2.182791413430647e-12,-6.428956106219052e-33,-1.784096933615695e-18
20.0,27.944450457999892,-2.1827914939768463e-12,-6.428812124711355e-33,-1.8226430052597197e-18
20.5,28.636208149999902,-2.182791633169915e-12,-6.428553649217899e-33,-1.8794951644265148e-18
21.0,29.321327345999862,-2.1827917444798013e-12,-6.428348007249927e-33,-1.835707555853279e-18
21.5,30.00704702200005,-2.182791836733004e-12,-6.428176470043409e-33,-1.8870992227829877e-18
22.0,30.69619121400001,-2.182779077023972e-12,-6.452400801506092e-33,-1.9200912281264297e-18
22.5,31.371166859999903,-2.182791502098145e-12,-6.428520304506138e-33,-1.991933731601098e-18
23.0,32.03819147399986,-2.182791050826019e-12,-6.429408836166736e-33,-1.945553087181662e-18
23.5,32.710290761999886,-2.1827911829609345e-12,-6.429153431469076e-33,-1.969991196558355e-18
24.0,33.380900815999894,-2.182791121912431e-12,-6.429272385106351e-33,-1.9198188626065008e-18
24.5,34.033949081999936,-2.1827911185762253e-12,-6.429278802644135e-33,-1.887222364039599e-18
25.0,34.72297145099992,-2.1827911304046047e-12,-6.429256348684563e-33,-1.9201965914293535e-18
25.5,35.42356906700002,-2.1827911337044128e-12,-6.429250306210211e-33,-1.9616078504416297e-18
26.0,36.11380291299997,-2.182791171937705e-12,-6.429170413005529e-33,-2.0963185739003748e-18
26.5,36.78263097800004,-2.182791184779482e-12,-6.429143503940547e-33,-2.0904455142023122e-18
27.0,37.45636511199996,-2.182791144316992e-12,-6.429224873985566e-33,-1.9016038768803823e-18
27.5,38.142119886000046,-2.182791158783123e-12,-6.429195711798864e-33,-2.063930064057046e-18
28.0,38.804730973000005,-2.182791132500909e-12,-6.429250740854757e-33,-2.0163879779226775e-18
28.5,39.50242749599988,-2.182791132646525e-12,-6.429250043284971e-33,-2.0047506404185614e-18
29.0,40.22115532199996,-2.1827911312338e-12,-6.429253636782129e-33,-2.1606578227689e-18
29.5,40.89457506200006,-2.1827911103322093e-12,-6.429298686405533e-33,-2.0721278793974993e-18
30.0,41.58001623899986,-2.1827911174149982e-12,-6.42928393682667e-33,-2.0513735196729214e-18
30.5,42.28241563400002,-2.182791159935973e-12,-6.429192472785691e-33,-2.2828005061790674e-18
31.0,42.95191067699989,-2.182791122464879e-12,-6.429274809098144e-33,-2.124328160398545e-18
31.5,43.63177718499992,-2.1827911061381306e-12,-6.429309591362973e-33,-2.1904924024571563e-18
32.0,44.33535015999996,-2.182791111305258e-12,-6.429298090315445e-33,-2.361940687582652e-18
32.5,45.01958074000004,-2.1827910688142105e-12,-6.429395472809176e-33,-2.226381167919886e-18
33.0,45.71123613300006,-2.1827910594932563e-12,-6.429414801533461e-33,-2.3028444209354875e-18
33.5,46.401159646999986,-2.1827910558658597e-12,-6.42942542129173e-33,-2.448016829219349e-18
34.0,47.089460147999944,-2.1827910185280387e-12,-6.429514051540057e-33,-2.2513151888625923e-18
34.5,47.774546308000026,-2.1827910401194205e-12,-6.429464291827715e-33,-2.3557141216849306e-18
35.0,48.45005058900006,-2.1827910386839136e-12,-6.429467395321406e-33,-2.3614442071479247e-18
35.5,49.15751959299996,-2.1827910058729197e-12,-6.429543214588216e-33,-2.2807203759106217e-18
36.0,49.82494702300005,-2.1827910125919237e-12,-6.429527451666756e-33,-2.3529761942257646e-18
36.5,50.524823508000054,-2.1827910343329533e-12,-6.429475404704055e-33,-2.3926985293567825e-18
37.0,51.292940929,-2.1827909975762926e-12,-6.429558951558309e-33,-2.258527040741334e-18
37.5,52.03769284099985,-2.1827910085627483e-12,-6.429534284991203e-33,-2.2178401817241297e-18
38.0,52.76648669799988,-2.1827909976959357e-12,-6.429560764351733e-33,-2.3229982714518343e-18
38.5,53.475128781999956,-2.1827909644913e-12,-6.429633818389867e-33,-2.17500647026849e-18
39.0,54.17247922999991,-2.182790951044619e-12,-6.429663488792477e-33,-2.1099329377143404e-18
39.5,54.89861384899996,-2.182790983507285e-12,-6.429594111277281e-33,-2.333227192191959e-18
40.0,55.617007551999905,-2.18279094002861e-12,-6.429692084429241e-33,-2.1489409544082164e-18
40.5,56.31531695900003,-2.182790935849441e-12,-6.429700657429287e-33,-2.1764299055965357e-18
41.0,57.03539227500005,-2.182790958280924e-12,-6.429650082649425e-33,-2.320084225896566e-18
41.5,57.77379476700003,0.012168666657943963,-3.664109475717275e-20,-4.618953536391818e-18
42.0,58.50644707299989,0.12106685153859463,-1.30694433302758e-18,-2.9096290262462205e-22
42.5,59.26286739199986,0.24606722028848266,-0.0002949996927083769,0.002500000000000121
43.0,60.08518910399994,0.3710700265199962,-0.010569990765654264,0.007500000000000457
43.5,60.84073939399991,0.48606907025316565,-0.009924988281328737,0.010000000000000625
44.0,61.58615859899987,0.6310607859575345,-0.008507518538978551,0.005000000000000953
44.5,62.376029680999864,0.7460610359485325,-0.008172515403578351,0.007500000000001123
45.001,63.13116554599992,0.8586306268877603,-0.007096922294787066,0.0025000000000020444
45.5,63.86325956399992,0.869190593910093,-0.007070522322231248,0.00250000000000234
46.0,64.63887565100003,0.8688419770738338,-0.011782544122474821,-0.24259999920594244
46.5,65.36644827200007,0.8543316753914514,0.03427296139745802,-0.4725999983173811
47.0,66.12346912099997,0.866324308822555,0.04132764602949368,-0.7000999974553728
47.5,66.87227418199996,0.8684936315902099,0.06074174491544365,-0.8700999966435141
48.0,67.6367370339999,0.8603848867134726,0.0372801927011821,-1.0625999958158785
48.5,68.37833610500002,0.8719702461347865,0.05192521911096387,-1.0462999957383472
49.0,69.12414827899988,0.8719702461347865,0.05192521911096387,-1.0462999957383472
49.5,69.85503394199986,0.8719702461347865,0.05192521911096387,-1.0462999957383472
50.0,70.58245023099994,0.8719702461347865,0.05192521911096387,-1.0462999957383472
50.5,71.31950522199986,0.8719702461453939,0.05192521909320075,-1.0139311072501442
51.0,72.05351914900007,0.8715347145736012,0.0516320687893278,-0.7425313219395042
51.5,72.80949606099989,0.8856086224252718,0.014109525355730346,-0.5133368785610012
52.0,73.58073415099989,1.0042203396833576,-0.038617501016763284,-0.4139339711892304
52.5,74.33464571199988,1.1165865457700423,-0.12224955145172238,-0.36291443161366016
53.0,75.10879238999996,1.2472204438465133,-0.1656811582982488,-0.24230706435177793
53.5,75.87336083800005,1.3716807982991204,-0.19346937999445588,-0.19885037965464644
54.0,76.61908083000003,1.4842020099983273,-0.23823715898223888,-0.1927714324074399
54.5,77.37581604000002,1.607037787103017,-0.2614345912446645,-0.18843014592301577
55.0,78.18241253199994,1.7302531063584374,-0.28259974589121506,-0.17122277781378786
55.5,78.99787526399996,1.8733594855979383,-0.30426502679597806,-0.1591533040717247
56.0,79.76113078399999,1.996852594504862,-0.32362737574646083,-0.17721080867230804
56.5,80.51887167399991,2.1098217355182247,-0.35609252144305414,-0.17063186135600322
57.0,81.30128531499986,2.2229162412512222,-0.37783064393029847,-0.16561607183221896
57.5,82.07848477699986,2.3670366671086818,-0.38254954869065044,-0.09195712528858302
58.0,82.84839043900001,2.4820181552700316,-0.39692570504303004,-0.005509757722023689
58.5,83.6173612,2.6158855780071004,-0.4212089882977468,0.05896392563820713
59.0,84.40062882899997,2.7177209003804177,-0.40776626322212456,0.14693760902796477
59.5,85.17632394099996,2.8020303936322843,-0.4141442838925491,0.1282894216322803
60.0,85.93089093399999,2.8039185256995935,-0.4061480649167747,-0.024676560434766796
60.5,86.69471366699986,2.863579740346334,-0.39044270388543956,-0.0008302821039230888
61.0,87.4415919569999,2.908412824378362,-0.40734781877598847,0.12635982317778302
61.5,88.2044688179999,2.9833252712413505,-0.3963664635718772,0.09662754288675857
62.0,89.00635717299997,3.107915596140931,-0.3862412633112004,0.07281175428007426
62.5,89.78365858000006,3.262717160652983,-0.36909828351579915,0.05933596555408174
63.0,90.53947656700007,3.3975491142651224,-0.3726249331562352,0.05321484334995029
63.5,91.29707831299993,3.5225342245420266,-0.360678430775038,0.005369230668791075
64.0,92.05900692299997,3.6575028975786315,-0.36334668176900425,-0.028993224560087082
64.5,92.831907968,3.782421746834142,-0.3679448249253269,-0.030414276980661837
65.0,93.58686482400003,3.8972970513957965,-0.37351553543375615,-0.059072171042667286
65.5,94.36283377299992,4.051854144487491,-0.37407606343243527,-0.09495638060066262
66.0,95.122852255,4.155841001102794,-0.3898541099610065,-0.16481006362461875
66.5,95.87315374399986,4.298519773296319,-0.40431941378508074,-0.19113918550024214
67.0,96.6378849969999,4.420713043184748,-0.4206610492982554,-0.2216918163102861
67.5,97.380977282,4.542734676621787,-0.4477583986579756,-0.19766611672832027
68.0,98.13093613000001,4.655531122697508,-0.4810461825148238,-0.1655078012944063
68.5,98.87950724500001,4.798883417858941,-0.5012693000333028,-0.17707785953960029
69.0,99.64263549299994,4.921880685784921,-0.5235699221630709,-0.17826206993953858
69.5,100.39640173199996,5.0449425023099375,-0.5455635793915073,-0.18741996453851928
70.0,101.15877313400006,5.167662607907815,-0.5693417322611949,-0.19665680624651846
70.5,101.92875510199997,5.310000467899213,-0.5950394121145763,-0.20413049003516262
71.0,102.70758462699996,5.4322831195294725,-0.6209713109848525,-0.20531470043795752
71.5,103.47197283399987,5.54928532398593,-0.6468724129294929,-0.21747259459408685
72.0,104.25316494899994,5.635940901060633,-0.6670133437135599,-0.21715680496700066
72.5,105.027555162,5.6998744656217015,-0.6797673495428637,-0.22791996275611623
73.0,105.79567954799995,5.8191136288721115,-0.6965252900198158,-0.24410417267335763
73.5,106.54960198200001,5.979648735626357,-0.7296387904642525,-0.27844627704442587
74.0,107.3154408339999,6.08866312737552,-0.7579698443141959,-0.2952027675297141
74.5,108.08217942300007,6.21413854092448,-0.7864535264046238,-0.3368866262729554
75.0,108.83845628299991,6.2929763736878845,-0.8116651436252658,-0.3552550464498828
75.5,109.71261967700002,6.327756854882855,-0.8249190497945339,-0.3718392955701986
76.0,110.48033250000003,6.372449416729591,-0.8391687604748919,-0.3807904939847716
76.5,111.2368534279999,6.406992699094668,-0.8537786841684418,-0.39393461527086354
77.0,111.99134303899996,6.411183144603978,-0.8583585748301417,-0.49016298344050785
77.5,112.75856048900005,6.39676986899935,-0.8467096251881088,-0.5701629825711829
78.0,113.50988124800006,6.393632167432198,-0.8415576507832567,-0.6676629817186442
78.5,114.27966422200006,6.416062041861327,-0.8316241581981579,-0.7326629808910521
79.0,115.05388055899994,6.410805396120912,-0.8374872660306432,-0.8201629800845851
79.5,115.80562322599985,6.3918027315895145,-0.8462959778511525,-0.8851629792802563
80.0,116.57825956199986,6.415721429614308,-0.8312985895821112,-0.9726629784604666
80.5,117.33617716999993,6.414628020993235,-0.8392437312131154,-1.0326629776149645
81.0,118.11323489999995,6.429665680016487,-0.8421973214485952,-1.1301629767483907
81.5,118.87577995099991,6.419288162074959,-0.8372568193495997,-1.2001629758664798
82.0,119.64659496800004,6.424879401655895,-0.8389560882269165,-1.302662974976225
82.5,120.41423161099988,6.415794328684968,-0.8415403662184211,-1.3826629740860135
83.0,121.186470676,6.440632041086535,-0.8424935484752809,-1.4612173698125162
83.5,121.945138972,6.458013444034555,-0.8426765368822671,-1.5226131770484692
84.0,122.72240077499987,6.467488758735687,-0.842694708127357,-1.5646901296877287
84.5,123.45506166599989,6.467488758735711,-0.8426947081362539,-1.5705941067744806
85.0,124.20600456199986,6.467488758735711,-0.8426947081362539,-1.5705941067744806
85.5,124.94378904199993,6.467488758735711,-0.8426947081362539,-1.5705941067744806
86.0,125.69272947600007,6.467488758735711,-0.8426947081362539,-1.5705941067744806
86.5,126.43227561999993,6.467488758735711,-0.8426947081362539,-1.5705941067744806
87.0,127.15766677600004,6.467488758735711,-0.8426947081362539,-1.5705941067744806
87.5,127.88965306699993,6.467488758735711,-0.8426947081362539,-1.5705941067744806
88.0,128.62700253499997,6.467488758735711,-0.8426947081362539,-1.5705941067744806
88.5,129.38743142599992,6.467488758735711,-0.8426947081362539,-1.5705941067744806
89.0,130.16727020300004,6.454864472993842,-0.8326342134301399,-1.7815941059850169
89.5,130.92323719399997,6.482703870425105,-0.8394438378340148,-1.9715941050966876
90.0,131.68568735100007,6.48364215094494,-0.8452764455640995,-2.1740941042175628
90.5,132.46148500599998,6.475136661520846,-0.8400669764875106,-2.37659410337537
91.0,133.23284121400002,6.494680854985681,-0.8420138399587644,-2.496594102569462
91.5,134.00346738100006,6.476850043608616,-0.8428245064736855,-2.6890941017394483
92.0,134.78160898300007,6.492663612377226,-0.8495201282896749,-2.8090941008664343
92.5,135.5520281009999,6.508014923948286,-0.858377635173655,-3.0015940999752386
93.0,136.33417041300004,6.504321438819236,-0.8820030503559364,3.1115912080772428
93.5,137.07896425600006,6.494239945200116,-0.8972788528693556,2.8840912089445676
94.0,137.8532189089999,6.496551534834769,-0.9370500693653447,2.6840912098338294
94.5,138.6314688,6.505442794434558,-0.9492093158102612,2.529091210708125
95.0,139.3951568519999,6.492533783394796,-0.949437758482417,2.336591211541293
95.5,140.16526111200005,6.481850221480957,-0.9601705819041815,2.2165912123473723
96.0,140.946456377,6.492414718392739,-0.9623859199880647,2.0290912131857106
96.5,141.717068616,6.48474937196094,-0.9607516438655477,1.899091214064092
97.0,142.50098311400006,6.464241764510724,-0.9576895527637479,1.6965912149550733
97.5,143.2786928779999,6.456235309332037,-0.9023096350492352,1.6765800351359217
98.0,144.04639184100006,6.449930252793139,-0.8024226166784532,1.6528302120952547
98.5,144.83036980199995,6.424615451703721,-0.7125687620661978,1.6284538176773387
99.0,145.60460446699994,6.420758889105285,-0.6226506086373327,1.6113209155109194
99.5,146.36506774200006,6.418107373461174,-0.5426883023171145,1.601356209806989
100.0,147.13181439100003,6.426147858516391,-0.44270811314509206,1.5956618770338142
100.5,147.89648698199994,6.424582208840931,-0.36272018286631535,1.5924229248820996
101.0,148.655628278,6.424378688493706,-0.35318235410950205,1.5918397056845361
101.5,149.44064877899996,6.424378688493677,-0.3531823541095127,1.5918397056841682
102.0,150.20464169399997,6.424378688493677,-0.3531823541095127,1.5918397056841682
102.5,150.95160181300002,6.424378688493677,-0.3531823541095127,1.5918397056841682
103.0,151.69020496100006,6.424378688493677,-0.3531823541095127,1.5918397056841682
103.5,152.44810501100005,6.424378688493519,-0.3531823540945487,1.5634085950047172
104.0,153.21197823199986,6.4049035531212555,-0.3431942694726011,1.281119174134145
104.5,154.00080076799986,6.393940190952103,-0.28925754075171284,0.8835711469132507
105.0,154.7808467719999,6.411307994069739,-0.2599949687827747,0.6256841114608034
105.5,155.56811427599996,6.4077710170258735,-0.263737952045922,0.5056841122809982
106.0,156.35283989699997,6.433620998503402,-0.26429935221751233,0.23818411316082044
106.5,157.14277400599985,6.447834295990605,-0.2326315282879312,0.0006907812379300566
107.0,157.9236198189999,6.539775757406359,-0.23211347657555947,-0.37356869146358485
107.5,158.69492586699994,6.622580701992283,-0.21128119825871572,-0.6077574623767983
108.0,159.48587493600007,6.68006106252788,-0.2561060655841647,-0.8247311457314511
108.5,160.27883828199992,6.7226437253893945,-0.29277557448740943,-0.9316034255919766
109.0,161.03131336699994,6.734595899756006,-0.292106752437447,-0.9004533668504247
109.5,161.80588212199996,6.7580694597057125,-0.28890377500789555,-0.6547533675769254
110.0,162.58443498899987,6.738949477424152,-0.28542747606022845,-0.43725336841197093
110.5,163.375846056,6.7328023591399315,-0.29952850774090223,-0.2772533692929729
111.0,164.16876148899996,6.756272976543633,-0.3157877231695325,-0.044753370180326296
111.5,164.93873416999986,6.7671436357230395,-0.35221360303644644,0.19024662895740993
112.0,165.71965668500002,6.767192440888991,-0.36273632945880685,-0.044853370336048096
112.5,166.48034363700003,6.765714619558657,-0.3220504237511568,-0.2998533694609205
113.0,167.25754358799986,6.771965965203658,-0.3112932322407165,-0.5523533685752383
113.5,168.03574715800005,6.756314470984625,-0.29362529215869637,-0.7223533677245267
114.0,168.81085690400005,6.764036676766,-0.2958417232318915,-0.939853366916933
114.5,169.6296652169999,6.747943495376567,-0.2934353814921513,-1.08985336607753
115.0,170.3901558109999,6.771786707887941,-0.2896758652213616,-1.3073533651938958
115.5,171.17400576399996,6.784315728105243,-0.2930541476339912,-1.5223533643086493
116.0,171.937819537,6.818563769765835,-0.29254082657612757,-1.7948533634452881
116.5,172.733776949,6.863630163670197,-0.2876919195336808,-2.0198533625571597
117.0,173.51198242400005,6.865100612668085,-0.29825618287539246,-1.7897533632722962
117.5,174.29040455199993,6.868543613961534,-0.2903299478546728,-1.554753364148066
118.0,175.06265968499997,6.845295513343924,-0.2993357749204555,-1.287253365019239
118.5,175.83237193499986,6.790979712531288,-0.29346357524703004,-1.0672533659060979
119.0,176.63987461500005,6.792952570943503,-0.29588036964046216,-0.8347533667610292
119.5,177.39602236999986,6.805488057064805,-0.28550710287123415,-0.8810533668354872
120.0,178.17836255299994,6.805488057064805,-0.28550710287123415,-0.8810533668354872
120.5,178.94685084499997,6.805488057064805,-0.28550710287123415,-0.8810533668354872
121.0,179.689500017,6.805488057064805,-0.28550710287123415,-0.8810533668354872
121.5,180.4508101869999,6.805488057064805,-0.28550710287123415,-0.8810533668354872
122.0,181.221114704,6.805488057084166,-0.2855071028940426,-0.8472622561876563
122.5,182.01040056199986,6.79250048145614,-0.29917747326982624,-0.6208909768530941
123.0,182.81047346900004,6.812331545424834,-0.3008693815191137,-0.46089097769671084
123.5,183.57700842200006,6.787897993569955,-0.30783600126753363,-0.2033909785838655
124.0,184.371430853,6.805117818825397,-0.3475927875778728,0.031627967822293455
124.5,185.17129764599986,6.8313237073721105,-0.36851445593149634,0.290884984282539
125.0,185.95213088499986,6.878079649275056,-0.38516666233308783,0.4356024667418199
125.5,186.74635864900006,6.881280379654816,-0.38480468957273484,0.5879206332337316
126.0,187.556024772,6.9115972930083025,-0.37833244967054025,0.699048566512934
126.5,188.35120238600007,6.99495715841846,-0.3122562062343084,0.6968964898843252
127.0,189.14672680700005,7.110158995053476,-0.24125620985816187,0.7044954373815551
127.5,189.9582756709999,7.2085911856034635,-0.15417317346834825,0.6853972859802425
128.0,190.74497063600006,7.315720441577784,-0.08549507012798152,0.6640397425552177
128.5,191.53888570999993,7.430658954722336,-0.007361588190360813,0.5924607960228352
129.0,192.34089717300003,7.518995351366047,0.07527218974653849,0.5227946894173576
129.5,193.12222675099997,7.642355353370259,0.12910418873370855,0.4724247541784924
130.0,193.92635936099987,7.756035794678759,0.191244875514748,0.48464385908325874
130.5,194.72060121899995,7.884068833103234,0.24746232902938292,0.5042454438654348
131.0,195.5193366379999,7.99423465823048,0.29652919404894007,0.4740860291214422
131.5,196.33307248899996,8.105239867766187,0.3495393900891708,0.2555844629702791
132.0,197.14710735699987,8.232131793497977,0.3909114314609292,0.11616341122453624
132.5,197.92672982399995,8.35760788613998,0.4117462542194241,-0.042270622896352694
133.0,198.71465046100002,8.502083312564183,0.43543112365974856,-0.13065448157604403
133.5,199.514014504,8.614945994507059,0.43190530598575894,-0.20592757993256527
134.0,200.30683283500002,8.75691507356668,0.4041586885919175,-0.21411775481479742
134.5,201.09352513999988,8.878417215729193,0.3847772698572429,-0.2369167017718745
135.0,201.90385545899994,8.990185264074139,0.3567178461471121,-0.22623249143593852
135.5,202.7084695169999,9.112220075273504,0.32968214438120746,-0.21483256182250324
136.0,203.49672441400003,9.213243178303074,0.2884690898324136,-0.254237894465548
136.5,204.28426154499994,9.34931219111905,0.2820163793578505,-0.19160215339065526
137.0,205.0863328339999,9.479613176291195,0.2426835464767514,-0.3316523660577012
137.5,205.88830893599993,9.533989919596848,0.23246243509029973,-0.3706907938302881
138.0,206.70172814299985,9.603117517099028,0.20689143613638894,-0.4829421693146444
138.5,207.48774922000007,9.662119576553604,0.18905535846618804,-0.563145115779051
139.0,208.27855279200003,9.697225333283255,0.18314260084006406,-0.6352494657211443
139.5,209.11786046399993,9.719241475260397,0.16353356272422204,-0.7347135504111103
140.0,209.93348250500003,9.760098748761827,0.142739143357403,-0.7646167073747255
140.5,210.73144682099996,9.774521438385463,0.12770328430194677,-0.8289451276035563
141.0,211.54670653499988,9.818390024369458,0.088707530632397,-0.8055984606741802
141.5,212.35940973800007,9.911729668687355,-0.001154392056251119,-0.7175395143387789
142.0,213.17919408600005,10.009289850156815,-0.06382118947845505,-0.6333333169049072
142.5,213.99739556600002,10.106909121252034,-0.14813220615725964,-0.5216227914348799
143.0,214.8217536499999,10.233264400891603,-0.20731914933180384,-0.46504384493423273
143.5,215.64262134199998,10.349260886937364,-0.26472438650436825,-0.3961976372151022
144.0,216.46236428899988,10.468526148346607,-0.3231763476711764,-0.33753742797713676
144.5,217.28984795799988,10.607559239524157,-0.361502151906012,-0.31585893907245743
145.0,218.09521621599993,10.738187153035495,-0.4046292983930826,-0.2721129492946782
145.5,218.89631770899996,10.849806630166857,-0.4290066532510073,-0.19833308921842116
146.0,219.69573170600006,10.935716529770362,-0.46080565793190154,-0.13849419972654536
146.5,220.48687489200006,10.953937657693448,-0.459284611004267,-0.14120472614183469
147.0,221.25917312599995,10.953937657693448,-0.459284611004267,-0.14120472614183469
147.5,222.02391507499988,10.953937657693448,-0.459284611004267,-0.14120472614183469
148.0,222.79305409900007,10.953937657693448,-0.459284611004267,-0.14120472614183469
148.502,223.601343306,10.953937657693448,-0.459284611004267,-0.14120472614183469
149.0,224.39472171400007,10.953937657693448,-0.459284611004267,-0.14120472614183469
149.5,225.17376843500006,10.953937657693448,-0.459284611004267,-0.14120472614183469
150.0,225.96758149499988,10.953937657693448,-0.459284611004267,-0.14120472614183469
150.5,226.742475948,10.953937657693448,-0.459284611004267,-0.14120472614183469
151.0,227.5170664919999,10.953937657693448,-0.459284611004267,-0.14120472614183469
151.5,228.29850585500003,10.953937657693448,-0.459284611004267,-0.14120472614183469
152.0,229.07816412299985,10.953937657693448,-0.459284611004267,-0.14120472614183469
152.5,229.87050475499996,10.953937657693448,-0.459284611004267,-0.14120472614183469
153.0,230.7172285219999,10.953937657693448,-0.459284611004267,-0.14120472614183469
153.5,231.49095132699995,10.953937657693448,-0.459284611004267,-0.14120472614183469
154.0,232.26904479099994,10.953937657693448,-0.459284611004267,-0.14120472614183469
154.5,233.03868605599996,10.953937657693448,-0.459284611004267,-0.14120472614183469
155.0,233.81723429499993,10.953937657693448,-0.459284611004267,-0.14120472614183469
155.5,234.56992499800003,10.953937657693448,-0.459284611004267,-0.14120472614183469
156.0,235.34627374799993,10.953937657693448,-0.459284611004267,-0.14120472614183469
156.5,236.12506183300002,10.953937657693448,-0.459284611004267,-0.14120472614183469
157.0,236.92077914499987,10.953937657693448,-0.459284611004267,-0.14120472614183469
157.5,237.69761825499995,10.953937657693448,-0.459284611004267,-0.14120472614183469
158.0,238.46107736999988,10.953937657693448,-0.459284611004267,-0.14120472614183469
158.5,239.22634702000005,10.953937657693448,-0.459284611004267,-0.14120472614183469
159.0,240.01827382300007,10.953937657693448,-0.459284611004267,-0.14120472614183469
159.5,240.80219905500007,10.953937657693448,-0.459284611004267,-0.14120472614183469
160.0,241.58506959700003,10.953937657693448,-0.459284611004267,-0.14120472614183469
160.5,242.36315529900003,10.953937657693448,-0.459284611004267,-0.14120472614183469
161.0,243.1464345039999,10.953937657693448,-0.459284611004267,-0.14120472614183469
161.5,243.95193950399994,10.953937657693448,-0.459284611004267,-0.14120472614183469
162.0,244.73712134499988,10.953937657693448,-0.459284611004267,-0.14120472614183469
162.5,245.52961319199994,10.953937657693448,-0.459284611004267,-0.14120472614183469
163.0,246.32117600800007,10.953937657693448,-0.459284611004267,-0.14120472614183469
163.5,247.10739234099992,10.953937657693448,-0.459284611004267,-0.14120472614183469
164.0,247.89670711400004,10.953937657693448,-0.459284611004267,-0.14120472614183469
164.5,248.69433757499996,10.953937657693448,-0.459284611004267,-0.14120472614183469
165.0,249.46391031400003,10.953937657693448,-0.459284611004267,-0.14120472614183469
165.5,250.24814712299985,10.953937657693448,-0.459284611004267,-0.14120472614183469
166.0,251.04244924699992,10.953937657693448,-0.459284611004267,-0.14120472614183469
166.5,251.83672382999998,10.963445245602895,-0.46186299530693287,-0.23245472540294604
167.0,252.65927378599986,10.94225704764462,-0.45643605432316736,-0.3349547245131596
167.5,253.45732293499987,10.949656675648768,-0.44330669164120273,-0.4249547236237122
168.0,254.27614907499992,10.947619800136806,-0.43757000271499624,-0.527454722743
168.5,255.11232316399992,10.951768837318243,-0.4275227727702813,-0.5974547218779234
169.0,255.93560694100006,10.938438399786758,-0.42224047444998547,-0.6949547210338985
169.5,256.78589343399995,10.949788932128193,-0.4227939430580987,-0.7549547202156213
170.0,257.60480145999986,10.944328683306056,-0.4284679223216523,-0.8424547194116988
170.5,258.41916725500005,10.934114933911191,-0.42751603337777855,-0.9024547186040546
171.0,259.2764800949999,10.939528521426713,-0.42102507081970675,-0.9999547177747176
171.5,260.19855949399994,10.948124079278879,-0.42851691236108636,-1.0599547169210972
172.0,261.02128517200003,10.943046792661182,-0.42126821820708793,-1.1574547160484068
172.5,261.83054294499993,10.951507537940202,-0.4263162638771534,-1.2224547151627747
173.0,262.65584211500004,10.947041565102927,-0.4278589141195166,-1.3249547142716116
173.5,263.48195375499995,10.934509657323433,-0.41855171876682107,-1.4040080546333076
174.0,264.315928193,10.957298626722672,-0.42997097926031635,-1.4433972070061358
174.5,265.1270287,10.953012845736861,-0.3943881508110261,-1.4509285411144046
175.0,265.9446336189999,10.947596083516384,-0.34475228112075795,-1.4484285411144058
175.5,266.7726796689999,10.971495524647995,-0.31520417142381074,-1.4434285411144048
176.001,267.579204701,10.965312033271896,-0.27163746646917675,-1.4409285411144
176.5,268.3741616479999,10.9464004512283,-0.26774970958389144,-1.4484285411147715
177.0,269.20182758099986,10.946400451227026,-0.26774970957459754,-1.4160107638202915
177.5,270.0205373179999,10.94898293626397,-0.257279277524014,-1.15717998288322
178.0,270.847345228,10.952455048113126,-0.28066915150294314,-0.9618761242387726
178.5,271.6880258819999,10.934663862946374,-0.2833716865087972,-0.7043761250866686
179.0,272.51562352299993,10.954409759514071,-0.2999565998515976,-0.5679755999222029
179.5,273.3555380129999,11.050667114909936,-0.3715574746515182,-0.3860748990728207
180.0,274.18041323299985,11.184362845701806,-0.42646837763902123,-0.22358955270105943
180.5,275.03601478899986,11.309535114832801,-0.4583306733579908,-0.11539650120181764
181.0,275.83436801799985,11.444591533981395,-0.4939615716483692,-0.05492281785342165
181.5,276.66805602,11.589542784336171,-0.4975411234293592,-0.024949134227329705
182.0,277.5155754729999,11.724541275463277,-0.5094182668213607,-0.021159660824655997
182.5,278.344743611,11.859505292304435,-0.512337794616279,-0.016185976693788462
183.0,279.17965532900007,11.984488514133576,-0.5142455077619852,-0.022607029279834982
183.5,280.02082877399994,12.109420447813998,-0.5284476458600285,-0.03542281825711205
184.0,280.851394582,12.2142996880706,-0.5240452507481148,-0.043481063493170206
184.5,281.6680262739999,12.339032664858932,-0.5222182414954943,-0.0751347470120969
185.0,282.4750484619999,12.493156214276729,-0.5369466260840596,-0.1485441262060428
185.5,283.31716704199994,12.615802576689097,-0.5514404346883834,-0.20562307269677912
186.0,284.19485139099993,12.736763028622633,-0.5731521015015772,-0.2612546507558146
186.5,285.03421965300004,12.864772045808552,-0.60101316232348,-0.3277020182816688
187.0,285.836909418,12.857625118183693,-0.6004446936503527,-0.4119651754452132
187.5,286.67057259600006,12.865639503041557,-0.59473211894628,-0.5144651745930375
188.0,287.476364223,12.850368967781057,-0.5838081192368385,-0.5894651737245512
188.5,288.3132233219999,12.867071585934607,-0.5885489837410471,-0.686965172877911
189.0,289.16442360099995,12.878496092935377,-0.5891626499439733,-0.7469651720565615
189.5,289.993318973,12.853075635722163,-0.5848746549760246,-0.8344651712520055
190.0,290.846603854,12.862925377514701,-0.5939939339340707,-0.8944651704457895
190.5,291.699125547,12.868363603446946,-0.5875349423499863,-0.9919651696196319
191.0,292.52798118099986,12.867011804032865,-0.5851063121366762,-1.0519651687686151
191.5,293.35393940899985,12.861953871664113,-0.5878930384256007,-1.1494651678979928
192.0,294.2046440019999,12.881413646489,-0.5926042007983616,-1.2194651670135312
192.5,295.034738006,12.87695075166473,-0.5941557332473986,-1.3219651661226068
193.0,295.860158987,12.887784669853,-0.5964360814325484,-1.4019651652339025
193.5,296.7017555929999,12.88518841474634,-0.5868233729338321,-1.5144651643578244
194.0,297.5449979109999,12.899946410449644,-0.5970454057309338,-1.61446516350423
194.5,298.36543882399997,12.899946410450111,-0.5970454057221222,-1.6339651633773156
195.0,299.17945219500007,12.899946410450111,-0.5970454057221222,-1.6339651633773156
195.5,299.96271513199986,12.899946410450111,-0.5970454057221222,-1.6339651633773156
196.0,300.77627400100005,12.899946410450111,-0.5970454057221222,-1.6339651633773156
196.5,301.57197111000005,12.899946410450111,-0.5970454057221222,-1.6339651633773156
197.0,302.38310035199993,12.899946410450111,-0.5970454057221222,-1.6339651633773156
197.5,303.16530063000005,12.899946410450111,-0.5970454057221222,-1.6339651633773156
198.0,303.96675445999995,12.899946410450111,-0.5970454057221222,-1.6339651633773156
198.5,304.77744120299985,12.899946410450111,-0.5970454057221222,-1.6339651633773156
199.0,305.57881582100003,12.899946410450111,-0.5970454057221222,-1.6339651633773156
199.5,306.36226035799996,12.899946410450111,-0.5970454057221222,-1.6339651633773156
200.0,307.1837610299999,12.907326220422593,-0.5968868513442267,-1.726965162636715
200.5,308.03564080599995,12.922149632259934,-0.5960319580154296,-1.826965161753156
201.0,308.88572723599987,12.949619343643219,-0.6053332629490522,-1.9394651608625315
201.5,309.7258917659999,12.940796668104662,-0.6019602168522349,-2.0194651599744717
202.0,310.57368762099986,12.931177022350095,-0.6341941329463094,-2.0633751591163905
202.5,311.42454137799996,12.900286354900022,-0.665474955881491,-2.120875158241746
203.0,312.2741470409999,12.874012495052224,-0.6932520156983841,-2.155875157380119
203.5,313.118473409,12.87075518048237,-0.69811124005914,-2.0612951579819305
204.0,313.96262588600007,12.879142407187665,-0.7024569708371082,-1.9812951588577616
204.5,314.8103696630001,12.86348367559998,-0.7043219297428744,-1.8789049585179365
205.0,315.66397983799993,12.862449825924063,-0.7072970460180361,-1.8285045347844628
205.5,316.51037569000005,12.827533965373485,-0.7086032698443581,-1.7893798723005132
206.0,317.366951128,12.829075840177001,-0.7089245726037201,-1.7376489426697181
206.5,318.23034581,12.850627142076139,-0.7091967412868607,-1.7024315542064916
207.0,319.04008786300005,12.832185758900303,-0.7094232958442945,-1.7041715543307532
207.5,319.8474691009999,12.832185758900303,-0.7094232958442945,-1.7041715543307532
208.0,320.67411372800007,12.832185758900303,-0.7094232958442945,-1.7041715543307532
208.5,321.48037113500004,12.832185758900303,-0.7094232958442945,-1.7041715543307532
209.0,322.29009346299995,12.832185758900303,-0.7094232958442945,-1.7041715543307532
209.5,323.11864728599994,12.832185758900303,-0.7094232958442945,-1.7041715543307532
210.0,323.9369409819999,12.832185758900303,-0.7094232958442945,-1.7041715543307532
210.5,324.77803289999997,12.832185758900303,-0.7094232958442945,-1.7041715543307532
211.001,325.59869649200004,12.832185758900303,-0.7094232958442945,-1.7041715543307532
211.5,326.47622726400004,12.81755143955364,-0.7085025530218849,-1.9046715535283325
212.0,327.356799896,12.833968015890674,-0.7029579590608681,-2.0846715526424617
212.5,328.22574031199997,12.813896501035156,-0.7162998778437419,-2.277171551784418
213.0,329.07124817199997,12.846553764892304,-0.7110983489278557,-2.4171715509706444
213.5,329.92118474799986,12.825816283931044,-0.7175082083234994,-2.5846715501553033
214.0,330.78088521099994,12.83011333732504,-0.7193254020749298,-2.7871715492956874
214.5,331.64893685800007,12.829242149843248,-0.7266095394745418,-2.917171548407607
215.0,332.484454122,12.826503297076743,-0.7370188875770856,-3.1196715475231858
215.5,333.3437810999999,12.835521901975676,-0.7644710913905648,2.973513760515856
216.0,334.1900468429999,12.836110175514268,-0.78978295557884,2.746013761402026
216.5,335.05316564200007,12.831439935148035,-0.8149791504856316,2.571013762285092
217.0,335.8868799059999,12.826333650799707,-0.8362881513765268,2.368513763135615
217.5,336.737647875,12.822277129528306,-0.8367948454251488,2.238513763943935
218.0,337.61355661699986,12.812012360109087,-0.8379951385239903,2.051013764766478
218.5,338.4762308489999,12.824855113806983,-0.8430767781216949,1.9310137656330872
219.0,339.31146326499993,12.806379776317174,-0.8347379251904596,1.7910137665231753
219.5,340.16373946499994,12.79410512371596,-0.8332123546415464,1.5785137674025917
220.0,340.99963197199986,12.790762191176189,-0.768853336775001,1.5902243669647413
220.5,341.84902212099996,12.768333190574003,-0.6888827476233678,1.5823938323248017
221.0,342.6839743119999,12.777662870784214,-0.5888841586276181,1.5843732320229662
221.5,343.54291284600004,12.796814062928657,-0.49888692652516065,1.5859721321787585
222.0,344.42310746299995,12.78585084195857,-0.40889073004116405,1.5869124764556566
222.5,345.2840980369999,12.77348456745333,-0.31891369335168096,1.5774507916476677
223.0,346.11127529500004,12.773918730884215,-0.30936994906869486,1.579738547034079
223.5,346.9382725769999,12.773918730884215,-0.30936994906869486,1.579738547034079
224.0,347.761285501,12.773918730884215,-0.30936994906869486,1.579738547034079
224.5,348.62012776100005,12.773918730884215,-0.30936994906869486,1.579738547034079
225.0,349.45909172999995,12.773935298161245,-0.3030674619988679,1.5598318806747105
225.5,350.315190238,12.770869884851052,-0.23536219567428573,1.3516405872560078
226.0,351.1788184469999,12.784867538055233,-0.1360397666655263,1.2217846820293157
226.5,352.05079588600006,12.835247790240846,-0.01603139134336118,1.1381201762688808
227.0,352.90700784,12.893392714507424,0.10814520081853607,1.0869728088246187
227.5,353.77358999600006,12.945347567753352,0.2067565204091858,1.0578938623297445
228.0,354.64456258199993,12.999806187551552,0.32392491635015963,1.0329201789920472
228.5,355.51221800300004,13.057029574638978,0.42305280918078303,0.9618928115281271
229.0,356.3422763169999,13.124723993677204,0.5274755891114395,0.9318907071408932
229.5,357.23485906199994,13.163928779681868,0.5648106452102191,0.9024270433744337
230.0,358.12008443800005,13.177520574562706,0.5960474040600747,0.9016571675157735
230.5,359.00718837399995,13.188177931287852,0.6095231621165433,0.8899371676732292
231.0,359.9351003219999,13.215608979106266,0.6365538759891584,0.8646371684856742
231.5,360.85671677799996,13.214283473628292,0.6407250933157218,0.6738011660688483
232.0,361.73101884900007,13.21528549154337,0.6449187254557027,0.5748895571898294
232.503,362.60174329999995,13.239414391186122,0.6600468641903638,0.5852225523886204
233.0,363.4746894319999,13.242209879178127,0.6562376739824491,0.6787751832131707
233.501,364.35349103399994,13.251870311860767,0.6593051869193787,0.6657003257719624
234.002,365.31204196299996,13.335078683174851,0.704657812971274,0.5340224976372324
234.5,366.29039366100005,13.396970124222676,0.7635803446785019,0.4568909194728376
235.0,367.32522983800004,13.47549045763612,0.8262706501534205,0.410627762456609
235.5,368.2165087189999,13.613843926919905,0.8872111020861144,0.31405103843070287
236.0,369.089368422,13.726019619091346,0.9356984756200799,0.22010367090372032
236.5,369.9665219230001,13.869902535221486,0.9639553765881086,0.12334051389306624
237.0,370.8426502770001,13.995215028093693,0.9883150050183402,0.03286683054949235
237.5,371.742650639,14.120211223552104,1.0132347697887982,-0.06171211597412632
238.0,372.6268440429999,14.254403258626697,1.0087903288408726,-0.12773562383736448
238.5,373.570990746,14.37763087897613,0.9976034786726542,-0.14678825476483365
239.0,374.51245122599994,14.500758420165193,0.9760891064781716,-0.19575000831381473
239.5,375.44907488800004,14.612770788705724,0.9588959910093471,-0.2205921128417868
240.0,376.34450551500004,14.754242817320495,0.9394156977894927,-0.2580921119507516
240.5,377.24262837499987,14.87198216732378,0.9104329475157606,-0.316732111010382
241.0,378.134968995,14.97906135948541,0.877515788954168,-0.3923238058757298
241.5,379.02312059099995,15.065970683838803,0.844841887364336,-0.4423270660454015
242.0,379.8887510029999,15.162634120624812,0.8100661323948435,-0.4396364579986415
242.5,380.77879791300006,15.251378962390604,0.7519077341135534,-0.24770547746547683
243.0,381.644615013,15.386239975046617,0.7182782731392803,-0.05146863623951338
243.5,382.53458072600006,15.519225821216084,0.6978877012434552,0.08332083659255121
244.0,383.39047213699996,15.525738870669075,0.6734490453457516,0.18712346741498045
244.5,384.2744762079999,15.535167626736259,0.6660111178754666,0.2996234665314601
245.0,385.18405993600004,15.542938737832406,0.6430110925845633,0.38962346563991285
245.5,386.0740455119999,15.530212882877272,0.649267788186183,0.48212346475556134
246.0,386.9524099999999,15.52571249431271,0.6375722175103966,0.5621234638845136
246.5,387.83048263,15.531958856982463,0.6332719308268842,0.654623463033007
247.0,388.71126545699985,15.537922291809917,0.6387748997295195,0.7471234622060194
247.5,389.587265526,15.50904224120502,0.6291350177323769,0.8071234614000377
248.0,390.4741207029999,15.529162850964827,0.6285469777961648,0.8671234605958384
248.5,391.361268204,15.523879499857832,0.6328670155432348,0.9596234597757515
249.0,392.25958971599994,15.532692806473012,0.6306801605482091,1.0196234589297617
249.5,393.1373520699999,15.526817986962792,0.6341533465190603,1.1121234580629709
250.0,394.0109757979999,15.52830534169094,0.6282462567407658,1.192123457180952
250.5,394.88951028299994,15.531923970700065,0.6306658908771186,1.284623456290746
251.0,395.76556552199986,15.55482426172009,0.6325531439262888,1.3746234554007377
251.5,396.624104151,15.540174440090304,0.6233920968277533,1.454820718517888
252.0,397.50873927099997,15.547566595920296,0.6236915698110654,1.4956413196674938
252.5,398.4007567429999,15.565467500779743,0.6237647993253808,1.556131093002144
253.0,399.27442615899986,15.575992474027007,0.6337595129174237,1.5619767996111098
253.5,400.12511129799987,15.575992474027007,0.6337595129174237,1.5619767996111098
254.0,400.9748044969999,15.575992474027007,0.6337595129174237,1.5619767996111098
254.5,401.8181514549999,15.575992474027007,0.6337595129174237,1.5619767996111098
255.0,402.66055350600004,15.575992474027007,0.6337595129174237,1.5619767996111098
255.5,403.5116316169999,15.575992474027007,0.6337595129174237,1.5619767996111098
256.0,404.386314589,15.575992474027007,0.6337595129174237,1.5619767996111098
256.5,405.29231469399997,15.576277807331033,0.6440716000703283,1.5283545778350671
257.0,406.1908244199999,15.584093545447466,0.6894111537192592,1.2372310777924846
257.5,407.0845076119999,15.576864530598812,0.7407062693273749,0.8675344082694487
258.0,407.98068155500005,15.640725171159005,0.8027283160966476,0.4918765143655399
258.5,408.8628231,15.718557867536925,0.852004982560334,0.24408704154816974
259.0,409.7421159149999,15.796284267228934,0.8779684754734081,-0.155834010210556
259.5,410.64426507999997,15.76607649488603,0.9231264975639821,-0.1980050620837359
260.0,411.5339735529999,15.775517089693702,0.9405618141315661,-0.3105050611981189
260.5,412.44645263999996,15.77315490490185,0.9436056891555242,-0.40050506030698413
261.0,413.32636562900007,15.781266078508738,0.959274751841154,-0.5030050594233213
261.5,414.2009454419999,15.746200703441461,0.9600826738040529,-0.5780050585534887
262.0,415.1007462969999,15.763010624661224,0.9652689516817865,-0.6755050577034879
262.5,415.998692894,15.754675658679096,0.9644653720645853,-0.7355050568784206
263.0,416.8857840989999,15.759384850111804,0.9686330738384732,-0.8230050560729378
263.5,417.76876271499987,15.784626731555282,0.9427121934698792,-0.8736450552802891
264.0,418.67501012599996,15.811274965644367,0.9074015893128673,-0.8936450544684942
264.5,419.5721001899999,15.840623013368287,0.8848476125090052,-0.9411450536470185
265.0,420.457333973,15.825650092020485,0.8842867495876154,-1.0077850528101018
265.5,421.36082490700005,15.845453527841086,0.8561809114417336,-1.058425051953622
266.0,422.25866852399986,15.87921026534937,0.820895646049917,-1.105925051081015
266.5,423.156053724,15.884224608981574,0.8224132922437304,-1.1827850502083475
267.0,424.0553084149999,15.889940986092492,0.783238045947428,-1.2382050493148626
267.5,424.96853703199986,15.909163404551446,0.777414075236452,-1.128005049966146
268.0,425.892512571,15.917728065304368,0.7813969924874247,-1.0480050508423981
268.5,426.8047368719999,15.913647136333637,0.7847942153617669,-0.9555050517052642
269.0,427.69465400399986,15.913114597378604,0.7814018730739816,-0.8855050525454348
269.5,428.5950591379999,15.888410375115098,0.7857066684543774,-0.793005053360097
270.0,429.4758898089999,15.898316845723109,0.785090121116226,-0.7330050541632728
270.5,430.392000671,15.902902279985916,0.7801448533212656,-0.6405050549726409
271.0,431.301538984,15.901279118744553,0.7809159217985806,-0.5805050558056345
271.5,432.229922319,15.895049164718614,0.776604795008951,-0.4880050566621935
272.0,433.127861618,15.910705976396322,0.7766693089393202,-0.4180050575371303
272.5,434.0276820659999,15.92351219917265,0.772890373060408,-0.3255050584240585
273.0,434.931622223,15.906644373219594,0.7618014071955568,-0.24550505931529878
273.5,435.8447196079999,15.917274086806053,0.7543497392154446,-0.13300506020174016
274.0,436.761814964,15.928396335538416,0.7316097770585532,-0.04300506107247084
274.5,437.67043570099986,15.928503287259394,0.7242325802532319,0.06949493807574834
275.0,438.583986807,15.938263680445088,0.7084230923806794,0.1744949372042146
275.5,439.5246289019999,15.93780472408912,0.7010076415365125,0.28699493631762724
276.0,440.447037551,15.935883257864086,0.6780981675551516,0.37699493542692697
276.5,441.35483295899985,15.934164776039976,0.6724994745640185,0.4794949345409267
277.0,442.26221028200007,15.939946145045546,0.6609505216105309,0.5594949336672472
277.5,443.14619814599996,15.936386266821074,0.6567732179054628,0.6519949328121617
278.0,444.048661649,15.929659744878464,0.6561566001135828,0.7219949319809419
278.5,444.92944543,15.915209907656136,0.6613311023865638,0.7084949318612747
279.0,445.8442176809999,15.915209907656136,0.6613311023865638,0.7084949318612747
279.5,446.73124714799997,15.915209907656136,0.6613311023865638,0.7084949318612747
280.0,447.61542406399985,15.915209907656136,0.6613311023865638,0.7084949318612747
280.5,448.481335573,15.915209907656136,0.6613311023865638,0.7084949318612747
281.0,449.359120049,15.915209907656136,0.6613311023865638,0.7084949318612747
281.5,450.234938973,15.915209907656136,0.6613311023865638,0.7084949318612747
282.0,451.1249127209999,15.915209907656136,0.6613311023865638,0.7084949318612747
282.5,452.00466827900004,15.915209907656136,0.6613311023865638,0.7084949318612747
283.0,452.94586392299993,15.932097952606181,0.6548864390689164,0.7912449311791087
283.5,453.87419905599995,15.94383842771786,0.6529532976670329,0.8612449303756591
284.0,454.8046146869999,15.926957287471515,0.6586360386236254,0.9437449295596118
284.5,455.720442972,15.931502856786327,0.6527379541439926,1.0362449287176887
285.0,456.64585533600007,15.951792824201666,0.6489836907858504,1.1062449278540751
285.5,457.564533861,15.951450694891518,0.654115388395828,1.176244926974142
286.0,458.48873007,15.947040946326684,0.6558120913005734,1.278744926084786
286.5,459.42523420299995,15.977954370970602,0.6583910817849582,1.3587449251940567
287.0,460.35541601,15.973298239071445,0.6491942747213759,1.4462428120031778
287.5,461.2573604879999,15.970697022382078,0.6595467048898884,1.5178741265528193
288.0,462.15502631699997,15.978077143641526,0.6597103223445322,1.5597917794217058
288.5,463.07989888199995,15.987027193260595,0.6596775795687098,1.596258045121134
289.0,463.98181595000005,15.987027193260845,0.6596775795598835,1.6022580449953001
289.5,464.8829345459999,15.987027193260845,0.6596775795598835,1.6022580449953001
290.0,465.773326514,15.987027193260845,0.6596775795598835,1.6022580449953001
290.5,466.685570892,15.987027193260845,0.6596775795598835,1.6022580449953001
291.0,467.58035365699993,15.987027193260845,0.6596775795598835,1.6022580449953001
291.5,468.4798386570001,15.987027193260845,0.6596775795598835,1.6022580449953001
292.0,469.3814788269999,15.987027193260845,0.6596775795598835,1.6022580449953001
292.5,470.27138704000004,15.987027193260845,0.6596775795598835,1.6022580449953001
293.0,471.17043686700003,15.987027193260845,0.6596775795598835,1.6022580449953001
293.5,472.08869017899997,16.004406967290407,0.6595196202844796,1.8127580442011195
294.0,473.0466374119999,16.031377754446307,0.6555458729539605,1.9977580433120967
294.5,473.94644633300004,16.031377754445266,0.6555458729561773,2.024758043226871
295.0,474.84892181500004,16.031377754445266,0.6555458729561773,2.024758043226871
295.5,475.7845125619999,16.031377754445266,0.6555458729561773,2.024758043226871
296.0,476.68280910499993,16.031377754445266,0.6555458729561773,2.024758043226871
296.5,477.62697286499997,16.030707273501417,0.6598973073509671,2.1666080424463265
297.0,478.578193478,16.02535766294632,0.65891423074308,2.301608041606751
297.5,479.531698901,16.026529184543254,0.6606787328218602,2.469108040801162
298.0,480.491114317,16.048493738291228,0.6616677916792633,2.636608039977636
298.5,481.411843095,16.045477082719266,0.6625934224229648,2.5518080398907568
299.0,482.34675461300003,16.045477082738003,0.6625934224108082,2.5864880393944745
299.5,483.30196560399986,16.05308422936448,0.6585192432466037,2.8344990473451
300.0,484.2631809279999,16.03776111642425,0.6653846014759559,3.0919990464547262
300.5,485.24630396099997,16.03486450253796,0.7067354537317108,-2.9561862615880146
301.0,486.226123442,16.03546462343468,0.7320488197508517,-2.653686262474983
301.5,487.200132359,16.054163257502253,0.7618259132499284,-2.4336862633434695
302.0,488.14322049999987,16.05579408061428,0.7761636954736519,-2.2686862641585743
302.5,489.10647033600003,16.04924055520738,0.7652468397023984,-2.0261862649870297
303.0,490.07682978,16.056961089987418,0.7641747379849781,-1.8806173186796682
303.5,491.03862012499985,16.025244821562843,0.6683787144402481,-1.7206786354472634
304.0,491.99101482599986,15.996127589553724,0.5474150229519223,-1.5713038995674513
304.5,492.9551579409999,16.00722783337126,0.43003347499366273,-1.4144902163118669
305.0,493.90287130699994,16.026705367522744,0.31522569589375427,-1.2650968841381822
305.5,494.8776150389999,16.03740584841707,0.190002785107226,-1.1583074113398923
306.0,495.8436850159999,16.06968118358452,0.09790505119251303,-1.0532779386302757
306.5,496.80345991900003,16.114142042041127,0.011136113693196559,-0.9095983689517734
307.0,497.7693431749999,16.147914633589522,-0.03128324379861658,-0.7305351462790484
307.5,498.755748066,16.158454005960216,-0.025743038553409425,-0.49330163862414655
308.0,499.84940210600007,16.163288819015033,-0.06420519988261097,-0.4384246100319118
308.5,500.83187225999995,16.217938425322153,-0.07822271449747076,-0.46938333870236737
309.0,501.815817188,16.258038921257974,-0.0959946385220587,-0.417138977482309
309.5,502.772768672,16.359600560873055,-0.13667819801836423,-0.42449913985051835
310.0,503.7309853909999,16.49164326623973,-0.18379473738538965,-0.38611621677006897
310.501,504.7290913300001,16.599708535319884,-0.23504539315653683,-0.30929411248026434
311.0,505.68893187899994,16.72068288793427,-0.28726377627387445,-0.2695769205462841
311.5,506.69364801300003,16.84307480102564,-0.31308093137664617,-0.1872727110689311
312.0,507.66043424400004,16.96680232835552,-0.35195588868601757,-0.1716450628831671
312.5,508.61410391000004,17.119603290663093,-0.3653116989730799,-0.17310066009640163
313.0,509.5505541949999,17.233625393837375,-0.3908199364409367,-0.12817267595975876
313.5,510.5185226159999,17.367649147693186,-0.40625493208108443,-0.08713769335626104
314.0,511.47368955799993,17.492670112253702,-0.421700444793052,-0.049664010000011145
314.5,512.443570401,17.617600638047758,-0.42511832801348737,-0.007427168648019115
315.0,513.4419441959999,17.752601841177107,-0.4335186403955491,0.031118093579918103
315.5,514.430215049,17.897421385371555,-0.42644083182966097,0.07488125061658843
316.0,515.3986971009999,18.021916568188434,-0.41476347591211815,0.10255914455309753
316.5,516.381917489,18.14594728837174,-0.3990191393929323,0.13247949476947682
317.0,517.349644918,18.27919834955976,-0.39808834950697136,0.18299598521185673
317.5,518.30981006,18.41121013856441,-0.3707825684741124,0.2409696685374316
318.0,519.2864258239999,18.52131059527729,-0.35571193132420964,0.2783787905272173
318.5,520.2875052929999,18.660583454320168,-0.31823405291812745,0.31978639200147435
319.0,521.2521908619999,18.75770202228141,-0.29428843949321637,0.3242147425309437
319.5,522.222431659,18.895865730758125,-0.23354701520694443,0.3602915840821173
320.0,523.197937705,19.030887778653582,-0.19457595827115093,0.41618632003537104
320.5,524.2057798999999,19.131490346715147,-0.15575581694675278,0.46013368757169476
321.0,525.186617284,19.235583309083136,-0.10382551072410795,0.5044477217383606
321.5,526.1859415399999,19.305577416538448,-0.07095033142553797,0.5450266682299637
322.0,527.1675470549999,19.35189335651614,-0.041380726750808616,0.5921845621013306
322.5,528.1601725809999,19.380612617067403,-0.023078755361243597,0.6361319296696832
323.0,529.1417524359999,19.399395186279957,-0.008915776339170178,0.6472603504519487
323.5,530.0978843,19.399395186279957,-0.008915776339170178,0.6472603504519487
324.0,531.0614662,19.41637553652526,-0.00830265727070223,0.5923247953575288
324.5,532.0370156179999,19.506413013307487,0.05953064290057719,0.48988764238554544
325.0,533.0113767529999,19.621501187717865,0.10878644874958177,0.38621852051135336
325.5,533.993357715,19.750771545380886,0.14772426708792663,0.3442185213970486
326.0,535.0010561500001,19.859514325072276,0.20688473760942294,0.33140273264187114
326.5,535.9814121029999,19.97890312382406,0.25412109856123344,0.3104897510517023
327.0,536.9613178980001,20.09837220798117,0.2909018317876213,0.29477922535328044
327.5,537.934132958,20.21833463816676,0.33604845689583374,0.2879371204922932
328.0,538.917801564,20.337678887325282,0.3703022713814317,0.2745423841855967
328.5,539.8977809119999,20.433112162749143,0.3957819603356645,0.2655950162166153
329.0,540.890363063,20.503827295722576,0.41479508424847245,0.2722529108231296
329.5,541.8710887259999,20.558957915937516,0.4490579642321255,0.2732002793785496
330.0,542.8503532049999,20.596090626521505,0.45859145302627935,0.2581739641768572
330.5,543.8491077379999,20.618334699654213,0.46628997596534094,0.24883185932048868
331.0,544.8106591220001,20.661386862308923,0.4815313937374528,0.24112133335562394
331.5,545.8070950229999,20.664059921572278,0.48218579941173534,0.31513885060132046
332.0,546.808098126,20.666696488472667,0.4459675756588102,0.35285021850535375
332.5,547.7709148009999,20.67872840837927,0.4550993473108935,0.35680621795470935
333.0,548.7562875409999,20.682540468893894,0.4393841004244803,0.46726495334676493
333.5,549.747295762,20.678093234491097,0.45968197831163904,0.4406246809058844
334.0,550.7270350629999,20.678093234491097,0.45968197831163904,0.4406246809058844
334.5,551.6950129259999,20.67809323447769,0.4596819783055457,0.4049091258783885
335.0,552.680789107,20.692357124220162,0.48783928843332225,0.19382220576611237
335.5,553.706326453,20.68320362280062,0.48790121224309035,-0.08367779336227671
336.0,554.69895529,20.661220349555354,0.535510419180468,-0.3486777924845679
336.5,555.695386461,20.684703425403335,0.5717543729123666,-0.6011777916025911
337.0,556.695942025,20.716078657366914,0.5440698852128536,-0.8307465274332968
337.5,557.7630723539999,20.787564027720197,0.4523002474816993,-1.078772842416288
338.0,558.786460154,20.810786086928964,0.36174557447011324,-1.2422917887370286
338.5,559.8185530169999,20.86069912455384,0.24803836295564263,-1.3239759983774841
339.0,560.8491642659999,20.894032769581024,0.16854655554791798,-1.483544769315556
339.5,561.880709158,20.927973363489787,0.0799512004096794,-1.6348149438729624
340.0,562.8832459509999,20.945282089676887,0.01012876212128111,-1.8658166971634516
340.5,563.8909892199999,20.948547084289515,-0.04424237929631003,-2.0327640646894216
341.0,564.9124237849999,20.931586049005254,-0.07634357067723974,-2.1888430111755723
341.5,565.944255895,20.942185854675646,-0.06042174661466149,-2.2332581753236505
342.0,566.96536816,20.942185854691655,-0.060421746593522396,-2.1982937313725928
342.5,568.0174281089999,20.941750370056564,-0.06012852655159051,-1.9221559409212694
343.0,569.0490618009999,20.936373748172436,-0.058989106147875336,-1.7221559418121795
343.5,570.058770155,20.92315786437688,-0.03973226990616885,-1.4296559426773523
344.0,571.070798408,20.857641144857425,-0.0473808817821042,-1.174655943561681
344.5,572.088082369,20.85864891671057,-0.062421606041088484,-0.9071559444369968
345.0,573.1148826429999,20.843678309691747,-0.06335737954653808,-0.7321559452608659
345.5,574.1761004279999,20.861796108104254,-0.08617931387618905,-0.44963857784938527
346.0,575.231343334,20.909927557149967,-0.08101760786663093,-0.2703864736743278
346.5,576.256633276,20.920325725412944,-0.1020785654900167,-0.047991737714257035
347.0,577.2659086369999,20.929942596830568,-0.12080919493440123,0.09699141927565355
347.5,578.3115730909999,21.03498938999665,-0.1555702849436802,0.11784089202151257
348.0,579.338836179,21.16585733640819,-0.10230611093025033,0.11563036595770797
348.5,580.369142886,21.265265976804997,-0.09023727902578815,0.10802510314732566
349.0,581.3844309379999,21.381336956888084,-0.06949491918908524,0.10130273870089594
349.5,582.4238290779999,21.515839261372733,-0.048336099653087494,0.0882237918449196
350.0,583.4722291179999,21.65047173486001,-0.018683866986967113,0.06495221325488804
350.5,584.534647684,21.765425801632027,-0.0164913543066465,-0.014021470113535828
351.0,585.581610249,21.89040506013899,0.01976839672544739,-0.015684627645012977
351.5,586.6366577029999,22.02533818000744,0.035726190350515274,-0.038662209866507515
352.0,587.680832776,22.149738492179527,0.02405234823633462,-0.15385540182596114
352.5,588.733340927,22.261069278562847,-0.031377066309674406,-0.20338171673637204
353.0,589.7586384209999,22.358112646267976,-0.02567271187791187,-0.26097182095790683
353.5,590.814041569,22.43817735559351,-0.028724304908278375,-0.3274191884798728
354.0,591.8566107909999,22.488951842477274,-0.07837857037789431,-0.32549813557472185
354.5,592.8958056459999,22.51432873046205,-0.06338646803665626,-0.369863398032365
355.0,593.9399682000001,22.529364544598483,-0.05799819163314979,-0.4470950929110159
355.5,594.9659791049999,22.528302471267708,-0.09039871980800895,-0.4345950929110159
356.0,595.9830533019999,22.528302471267708,-0.09039871980800895,-0.4345950929110159
